EncID,PhotoFile,Ycoord,Xcoord,Date,Time,IndID,Distance,xzeb,yzeb
1,z20170731_084105_0016a.JPG,-25.6802,28.951,2017-07-31,08:40:00,1,192,28.9509,-25.6819
2,z20170731_104801_0033a.JPG,-25.7132,28.9612,2017-07-31,10:47:00,2,193,28.9628,-25.7122
3,z20170731_104801_0033b.JPG,-25.7132,28.9612,2017-07-31,10:47:00,3,193,28.9628,-25.7122
4,z20170731_104801_0033c.JPG,-25.7132,28.9612,2017-07-31,10:47:00,4,193,28.9628,-25.7122
5,z20170731_104838_0035a.JPG,-25.7133,28.9612,2017-07-31,10:47:00,3,193,28.9629,-25.7124
6,z20170731_105359_0040a.JPG,-25.7136,28.9629,2017-07-31,10:53:00,2,89,28.9631,-25.7144
7,z20170731_105520_0047a.JPG,-25.7136,28.963,2017-07-31,10:54:00,3,89,28.9631,-25.7144
8,z20170731_105520_0047b.JPG,-25.7136,28.963,2017-07-31,10:54:00,4,89,28.9631,-25.7144
9,z20170731_105522_0048a.JPG,-25.7136,28.963,2017-07-31,10:54:00,2,89,28.9631,-25.7144
10,z20170731_105522_0048b.JPG,-25.7136,28.963,2017-07-31,10:54:00,5,89,28.9631,-25.7144
11,z20170731_105627_0051a.JPG,-25.7134,28.9637,2017-07-31,10:55:00,3,89,28.964,-25.7142
12,z20170731_111339_0058a.JPG,-25.7009,28.9782,2017-07-31,11:12:00,6,62,28.9785,-25.7016
13,z20170731_111339_0058b.JPG,-25.7009,28.9782,2017-07-31,11:12:00,7,62,28.9785,-25.7016
14,z20170731_111340_0059a.JPG,-25.7009,28.9782,2017-07-31,11:12:00,7,62,28.9785,-25.7016
15,z20170731_111340_0059b.JPG,-25.7009,28.9782,2017-07-31,11:12:00,6,62,28.9785,-25.7016
16,z20170731_111340_0059c.JPG,-25.7009,28.9782,2017-07-31,11:12:00,8,62,28.9785,-25.7016
17,z20170731_111340_0059d.JPG,-25.7009,28.9782,2017-07-31,11:12:00,9,62,28.9785,-25.7016
18,z20170731_111340_0059e.JPG,-25.7009,28.9782,2017-07-31,11:12:00,10,62,28.9785,-25.7016
19,z20170731_120905_0077a.JPG,-25.7131,28.988,2017-07-31,12:08:00,11,37,28.9882,-25.7134
20,z20170731_121006_0082a.JPG,-25.7129,28.9883,2017-07-31,12:09:00,12,37,28.9886,-25.7131
21,z20170731_121006_0082b.JPG,-25.7129,28.9883,2017-07-31,12:09:00,13,37,28.9886,-25.7131
22,z20170731_121018_0084a.JPG,-25.7129,28.9883,2017-07-31,12:09:00,14,37,28.9886,-25.7131
23,z20170731_121026_0085a.JPG,-25.7129,28.9883,2017-07-31,12:09:00,15,37,28.9886,-25.7131
24,z20170731_121054_0087a.JPG,-25.7129,28.9883,2017-07-31,12:10:00,13,37,28.9886,-25.7131
25,z20170731_121108_0088a.JPG,-25.7128,28.9884,2017-07-31,12:10:00,12,37,28.9886,-25.7131
26,z20170731_121119_0089a.JPG,-25.7128,28.9884,2017-07-31,10:10:28,14,37,28.9886,-25.7131
27,z20170731_121122_0090a.JPG,-25.7128,28.9884,2017-07-31,12:10:00,16,37,28.9886,-25.7131
28,z20170731_121125_0091a.JPG,-25.7128,28.9884,2017-07-31,12:10:00,15,37,28.9886,-25.7131
29,z20170731_121207_0095a.JPG,-25.7126,28.9888,2017-07-31,12:11:00,15,37,28.989,-25.7129
30,z20170731_121303_0097a.JPG,-25.7123,28.9896,2017-07-31,12:12:00,17,83,28.9891,-25.7117
31,z20170731_121356_0099a.JPG,-25.7122,28.9897,2017-07-31,12:13:00,17,83,28.9892,-25.7116
32,z20170731_124641_0113a.JPG,-25.7155,29.0076,2017-07-31,12:45:00,18,153,29.0086,-25.7165
33,z20170731_124649_0114a.JPG,-25.7155,29.0076,2017-07-31,12:45:00,19,153,29.0086,-25.7165
34,z20170731_142203_0165a.JPG,-25.6803,29.0488,2017-07-31,14:21:00,20,58,29.0485,-25.6808
35,z20170731_142527_0171a.JPG,-25.6797,29.0474,2017-07-31,14:24:00,21,58,29.0472,-25.6803
36,z20170731_142527_0171b.JPG,-25.6797,29.0474,2017-07-31,14:24:00,22,58,29.0472,-25.6803
37,z20170731_142527_0171c.JPG,-25.6797,29.0474,2017-07-31,14:24:00,23,58,29.0472,-25.6803
38,z20170731_142527_0171d.JPG,-25.6797,29.0474,2017-07-31,14:24:00,24,58,29.0472,-25.6803
39,z20170731_142657_0172a.JPG,-25.6792,29.045,2017-07-31,14:26:00,25,171,29.0445,-25.6807
40,z20170731_142711_0175a.JPG,-25.6791,29.045,2017-07-31,14:26:00,26,171,29.0445,-25.6807
41,z20170731_142711_0175b.JPG,-25.6791,29.045,2017-07-31,14:26:00,27,171,29.0445,-25.6807
42,z20170731_143108_0178a.JPG,-25.6793,29.0438,2017-07-31,14:30:00,27,171,29.0432,-25.6808
43,z20170731_143109_0179a.JPG,-25.6793,29.0438,2017-07-31,14:30:00,28,171,29.0432,-25.6808
44,z20170731_143110_0180a.JPG,-25.6794,29.0438,2017-07-31,14:30:00,25,171,29.0432,-25.6808
45,z20170731_143142_0183a.JPG,-25.6793,29.0438,2017-07-31,14:30:00,28,171,29.0432,-25.6808
46,z20170731_143142_0183b.JPG,-25.6793,29.0438,2017-07-31,14:30:00,25,171,29.0432,-25.6808
47,z20170731_151349_0195a.JPG,-25.7053,29.0037,2017-07-31,15:12:00,29,40,29.0035,-25.7051
48,z20170731_151350_0196a.JPG,-25.7053,29.0037,2017-07-31,15:12:00,30,40,29.0035,-25.7051
49,z20170731_151354_0197a.JPG,-25.7053,29.0037,2017-07-31,15:13:00,31,40,29.0035,-25.7051
50,z20170731_151354_0197b.JPG,-25.7053,29.0037,2017-07-31,15:13:00,29,40,29.0035,-25.7051
51,z20170731_151358_0198a.JPG,-25.7054,29.0037,2017-07-31,15:13:00,32,40,29.0035,-25.7051
52,z20170731_151406_0199a.JPG,-25.7054,29.0037,2017-07-31,15:13:00,31,40,29.0035,-25.7051
53,z20170731_151406_0199b.JPG,-25.7054,29.0037,2017-07-31,15:13:00,29,40,29.0035,-25.7051
54,z20170731_151426_0200a.JPG,-25.7054,29.0037,2017-07-31,15:13:00,31,40,29.0035,-25.7051
55,z20170801_073359_0001a.JPG,-25.6988,28.9487,2017-08-01,07:35:00,33,61,28.9483,-25.6983
56,z20170801_073414_0003a.JPG,-25.6988,28.9487,2017-08-01,07:35:00,34,61,28.9483,-25.6983
57,z20170801_073636_0005a.JPG,-25.6988,28.9487,2017-08-01,07:35:00,34,61,28.9483,-25.6983
58,z20170801_073745_0006a.JPG,-25.6988,28.9487,2017-08-01,07:36:00,35,61,28.9483,-25.6983
59,z20170801_085546_0022a.JPG,-25.6948,28.9425,2017-08-01,08:54:00,34,0,28.9425,-25.6948
60,z20170801_085554_0024a.JPG,-25.6948,28.9425,2017-08-01,08:55:00,33,0,28.9425,-25.6948
61,z20170801_085554_0024b.JPG,-25.6948,28.9425,2017-08-01,08:55:00,34,0,28.9425,-25.6948
62,z20170801_090230_0027a.JPG,-25.6965,28.941,2017-08-01,09:01:00,36,150,28.9399,-25.6956
63,z20170801_090232_0028a.JPG,-25.6965,28.941,2017-08-01,09:01:00,37,150,28.9399,-25.6956
64,z20170801_090232_0028b.JPG,-25.6965,28.941,2017-08-01,09:01:00,38,150,28.9399,-25.6956
65,z20170801_090234_0029a.JPG,-25.6965,28.941,2017-08-01,09:01:00,39,150,28.9399,-25.6956
66,z20170801_090234_0029b.JPG,-25.6965,28.941,2017-08-01,09:01:00,37,150,28.9399,-25.6956
67,z20170801_090234_0029c.JPG,-25.6965,28.941,2017-08-01,09:01:00,38,150,28.9399,-25.6956
68,z20170801_090251_0030b.JPG,-25.6965,28.941,2017-08-01,09:02:00,38,150,28.9399,-25.6956
69,z20170801_090251_0030c.JPG,-25.6965,28.941,2017-08-01,09:02:00,37,150,28.9399,-25.6956
70,z20170801_090305_0031a.JPG,-25.6965,28.941,2017-08-01,09:02:00,38,150,28.9399,-25.6956
71,z20170801_090305_0031b.JPG,-25.6965,28.941,2017-08-01,09:02:00,40,150,28.9399,-25.6956
72,z20170801_090305_0031c.JPG,-25.6965,28.941,2017-08-01,09:02:00,37,150,28.9399,-25.6956
73,z20170801_090313_0032a.JPG,-25.6966,28.941,2017-08-01,09:02:00,38,150,28.9399,-25.6956
74,z20170801_090313_0032b.JPG,-25.6966,28.941,2017-08-01,09:02:00,39,150,28.9399,-25.6956
75,z20170801_090313_0032c.JPG,-25.6966,28.941,2017-08-01,09:02:00,37,150,28.9399,-25.6956
76,z20170801_090313_0032d.JPG,-25.6966,28.941,2017-08-01,09:02:00,36,150,28.9399,-25.6956
77,z20170801_090402_0033a.JPG,-25.6966,28.941,2017-08-01,09:03:00,38,150,28.9399,-25.6956
78,z20170801_090427_0034a.JPG,-25.6965,28.941,2017-08-01,09:03:00,41,150,28.9399,-25.6956
79,z20170801_090427_0034b.JPG,-25.6965,28.941,2017-08-01,09:03:00,1,150,28.9399,-25.6956
80,z20170801_093826_0038a.JPG,-25.7138,28.9616,2017-08-01,09:37:00,43,106,28.9622,-25.7129
81,z20170801_093942_0041a.JPG,-25.7138,28.9617,2017-08-01,09:38:00,44,106,28.9622,-25.7129
82,z20170801_094014_0042a.JPG,-25.7138,28.9616,2017-08-01,09:39:00,45,106,28.9622,-25.7129
83,z20170801_094108_0046a.JPG,-25.7138,28.9616,2017-08-01,09:40:00,45,0,28.9616,-25.7138
84,z20170801_104008_0047a.JPG,-25.7124,28.9892,2017-08-01,10:39:00,13,0,28.9892,-25.7124
85,z20170801_104022_0048a.JPG,-25.7123,28.9892,2017-08-01,10:39:00,46,0,28.9892,-25.7123
86,z20170801_104024_0049a.JPG,-25.7123,28.9892,2017-08-01,10:39:00,47,0,28.9892,-25.7123
87,z20170801_104051_0051a.JPG,-25.7124,28.9892,2017-08-01,10:39:00,15,0,28.9892,-25.7124
88,z20170801_104115_0052a.JPG,-25.7124,28.9892,2017-08-01,10:40:00,15,0,28.9892,-25.7124
89,z20170801_104115_0052b.JPG,-25.7124,28.9892,2017-08-01,10:40:00,48,0,28.9892,-25.7124
90,z20170801_104138_0053a.JPG,-25.7124,28.9892,2017-08-01,10:40:00,13,0,28.9892,-25.7124
91,z20170801_104138_0053b.JPG,-25.7124,28.9892,2017-08-01,10:40:00,12,0,28.9892,-25.7124
92,z20170801_104151_0054a.JPG,-25.7124,28.9892,2017-08-01,10:41:00,14,0,28.9892,-25.7124
93,z20170801_104151_0054b.JPG,-25.7124,28.9892,2017-08-01,10:41:00,16,0,28.9892,-25.7124
94,z20170801_104208_0055a.JPG,-25.7124,28.9892,2017-08-01,10:41:00,102,0,28.9892,-25.7124
95,z20170801_104208_0055b.JPG,-25.7124,28.9892,2017-08-01,10:41:00,49,0,28.9892,-25.7124
96,z20170801_104247_0056a.JPG,-25.7122,28.9896,2017-08-01,10:41:00,50,0,28.9896,-25.7122
97,z20170801_104255_0057a.JPG,-25.7122,28.9896,2017-08-01,10:42:00,46,0,28.9896,-25.7122
98,z20170801_104303_0058a.JPG,-25.7122,28.9896,2017-08-01,10:42:00,17,0,28.9896,-25.7122
99,z20170801_104318_0059a.JPG,-25.7123,28.9896,2017-08-01,10:42:00,51,0,28.9896,-25.7123
100,z20170801_104423_0060a.JPG,-25.7119,28.9901,2017-08-01,10:43:00,52,0,28.9901,-25.7119
101,z20170801_104423_0060b.JPG,-25.7119,28.9901,2017-08-01,10:43:00,47,0,28.9901,-25.7119
102,z20170801_104423_0060c.JPG,-25.7119,28.9901,2017-08-01,10:43:00,53,0,28.9901,-25.7119
103,z20170801_104423_0060f.JPG,-25.7119,28.9901,2017-08-01,10:43:00,54,0,28.9901,-25.7119
104,z20170801_104423_0060g.JPG,-25.7119,28.9901,2017-08-01,10:43:00,19,0,28.9901,-25.7119
105,z20170801_104423_0060h.JPG,-25.7119,28.9901,2017-08-01,10:43:00,56,0,28.9901,-25.7119
106,z20170801_104427_0061a.JPG,-25.7119,28.9901,2017-08-01,10:43:00,19,0,28.9901,-25.7119
107,z20170801_104430_0062a.JPG,-25.712,28.9901,2017-08-01,10:43:00,53,0,28.9901,-25.712
108,z20170801_104430_0062b.JPG,-25.712,28.9901,2017-08-01,10:43:00,57,0,28.9901,-25.712
109,z20170801_104430_0062c.JPG,-25.712,28.9901,2017-08-01,10:43:00,58,0,28.9901,-25.712
110,z20170801_104430_0062d.JPG,-25.712,28.9901,2017-08-01,10:43:00,54,0,28.9901,-25.712
111,z20170801_104432_0063a.JPG,-25.712,28.9901,2017-08-01,10:43:00,47,0,28.9901,-25.712
112,z20170801_104432_0063b.JPG,-25.712,28.9901,2017-08-01,10:43:00,53,0,28.9901,-25.712
113,z20170801_111705_0074a.JPG,-25.723,28.9979,2017-08-01,11:16:00,59,172,28.9963,-25.7226
114,z20170801_114249_0085a.JPG,-25.7064,29.019,2017-08-01,11:41:00,60,0,29.019,-25.7064
115,z20170801_114249_0085b.JPG,-25.7064,29.019,2017-08-01,11:41:00,61,0,29.019,-25.7064
116,z20170801_114318_0086a.JPG,-25.7064,29.0191,2017-08-01,11:42:00,62,0,29.0191,-25.7064
117,z20170801_114345_0087a.JPG,-25.7064,29.0191,2017-08-01,11:42:00,60,0,29.0191,-25.7064
118,z20170801_125536_0115a.JPG,-25.6802,29.0485,2017-08-01,12:54:00,24,125,29.048,-25.6812
119,z20170801_125536_0115b.JPG,-25.6802,29.0485,2017-08-01,12:54:00,184,125,29.048,-25.6812
120,z20170801_125536_0115c.JPG,-25.6802,29.0485,2017-08-01,12:54:00,63,125,29.048,-25.6812
121,z20170801_125536_0115d.JPG,-25.6802,29.0485,2017-08-01,12:54:00,64,125,29.048,-25.6812
122,z20170801_125539_0116a.JPG,-25.6802,29.0485,2017-08-01,12:54:00,63,125,29.048,-25.6812
123,z20170801_125539_0116b.JPG,-25.6802,29.0485,2017-08-01,12:54:00,65,125,29.048,-25.6812
124,z20170801_125539_0116c.JPG,-25.6802,29.0485,2017-08-01,12:54:00,64,125,29.048,-25.6812
125,z20170801_125558_0117a.JPG,-25.6802,29.0485,2017-08-01,12:55:00,24,125,29.048,-25.6812
126,z20170801_125558_0117b.JPG,-25.6802,29.0485,2017-08-01,12:55:00,63,125,29.048,-25.6812
127,z20170801_125558_0117c.JPG,-25.6802,29.0485,2017-08-01,12:55:00,64,125,29.048,-25.6812
128,z20170801_125558_0117d.JPG,-25.6802,29.0485,2017-08-01,12:55:00,64,125,29.048,-25.6812
129,z20170801_130211_0124a.JPG,-25.6791,29.0449,2017-08-01,13:01:00,66,0,29.0449,-25.6791
130,z20170801_130536_0132a.JPG,-25.679,29.0443,2017-08-01,13:04:00,67,0,29.0443,-25.679
131,z20170801_130538_0133a.JPG,-25.679,29.0443,2017-08-01,13:04:00,68,0,29.0443,-25.679
132,z20170801_130553_0134a.JPG,-25.6791,29.0443,2017-08-01,13:05:00,69,0,29.0443,-25.6791
133,z20170801_130553_0134b.JPG,-25.6791,29.0443,2017-08-01,13:05:00,67,0,29.0443,-25.6791
134,z20170801_130634_0135b.JPG,-25.6793,29.0439,2017-08-01,13:05:00,70,0,29.0439,-25.6793
135,z20170801_130643_0136a.JPG,-25.6793,29.0439,2017-08-01,13:05:00,71,0,29.0439,-25.6793
136,z20170801_132332_0142a.JPG,-25.6679,29.0209,2017-08-01,13:22:00,72,51,29.0207,-25.6682
137,z20170801_132342_0143a.JPG,-25.6678,29.0209,2017-08-01,13:22:00,73,51,29.0207,-25.6682
138,z20170801_132342_0143b.JPG,-25.6678,29.0209,2017-08-01,13:22:00,74,51,29.0207,-25.6682
139,z20170801_132410_0144a.JPG,-25.6678,29.021,2017-08-01,13:23:00,72,51,29.0207,-25.6682
140,z20170801_132410_0144b.JPG,-25.6678,29.021,2017-08-01,13:23:00,73,51,29.0207,-25.6682
141,z20170801_132737_0146a.JPG,-25.6662,29.0191,2017-08-01,13:26:00,75,92,29.0185,-25.6668
142,z20170801_133759_0148a.JPG,-25.6597,29.0108,2017-08-01,13:37:00,76,0,29.0108,-25.6597
143,z20170801_133801_0149a.JPG,-25.6597,29.0108,2017-08-01,13:37:00,77,0,29.0108,-25.6597
144,z20170801_133817_0150a.JPG,-25.6597,29.0108,2017-08-01,13:37:00,78,0,29.0108,-25.6597
145,z20170801_133817_0150b.JPG,-25.6597,29.0108,2017-08-01,13:37:00,79,0,29.0108,-25.6597
146,z20170801_133817_0150c.JPG,-25.6597,29.0108,2017-08-01,13:37:00,80,0,29.0108,-25.6597
147,z20170801_133817_0150d.JPG,-25.6597,29.0108,2017-08-01,13:37:00,81,0,29.0108,-25.6597
148,z20170801_133817_0150e.JPG,-25.6597,29.0108,2017-08-01,13:37:00,82,0,29.0108,-25.6597
149,z20170801_134023_0152a.JPG,-25.6597,29.0108,2017-08-01,13:39:00,83,0,29.0108,-25.6597
150,z20170801_134023_0152b.JPG,-25.6597,29.0108,2017-08-01,13:39:00,84,0,29.0108,-25.6597
151,z20170801_134023_0152c.JPG,-25.6597,29.0108,2017-08-01,13:39:00,85,0,29.0108,-25.6597
152,z20170801_134023_0152d.JPG,-25.6597,29.0108,2017-08-01,13:39:00,86,0,29.0108,-25.6597
153,z20170801_134025_0153a.JPG,-25.6597,29.0108,2017-08-01,13:39:00,86,0,29.0108,-25.6597
154,z20170801_134025_0153c.JPG,-25.6597,29.0108,2017-08-01,13:39:00,80,0,29.0108,-25.6597
155,z20170801_134025_0153d.JPG,-25.6597,29.0108,2017-08-01,13:39:00,87,0,29.0108,-25.6597
156,z20170801_134025_0153e.JPG,-25.6597,29.0108,2017-08-01,13:39:00,81,0,29.0108,-25.6597
157,z20170801_134025_0153f.JPG,-25.6597,29.0108,2017-08-01,13:39:00,82,0,29.0108,-25.6597
158,z20170801_134025_0153g.JPG,-25.6597,29.0108,2017-08-01,13:39:00,78,0,29.0108,-25.6597
159,z20170801_134250_0156a.JPG,-25.6603,29.0087,2017-08-01,13:41:00,88,0,29.0087,-25.6603
160,z20170801_134259_0157a.JPG,-25.6603,29.0087,2017-08-01,13:42:00,89,0,29.0087,-25.6603
161,z20170801_134259_0157b.JPG,-25.6603,29.0087,2017-08-01,13:42:00,90,0,29.0087,-25.6603
162,z20170801_134325_0159a.JPG,-25.6603,29.0087,2017-08-01,13:42:00,76,0,29.0087,-25.6603
163,z20170801_134419_0162a.JPG,-25.6603,29.0087,2017-08-01,13:43:00,80,0,29.0087,-25.6603
164,z20170801_134419_0162b.JPG,-25.6603,29.0087,2017-08-01,13:43:00,86,0,29.0087,-25.6603
165,z20170801_134419_0162c.JPG,-25.6603,29.0087,2017-08-01,13:43:00,79,0,29.0087,-25.6603
166,z20170801_134419_0162d.JPG,-25.6603,29.0087,2017-08-01,13:43:00,85,0,29.0087,-25.6603
167,z20170801_134421_0163a.JPG,-25.6603,29.0087,2017-08-01,13:43:00,85,0,29.0087,-25.6603
168,z20170801_134425_0164a.JPG,-25.6603,29.0087,2017-08-01,13:43:00,79,0,29.0087,-25.6603
169,z20170801_134426_0165a.JPG,-25.6603,29.0087,2017-08-01,13:43:00,86,0,29.0087,-25.6603
170,z20170801_134427_0166a.JPG,-25.6603,29.0087,2017-08-01,13:43:00,80,0,29.0087,-25.6603
171,z20170801_134919_0167a.JPG,-25.666,29.0064,2017-08-01,13:48:00,91,45,29.006,-25.6658
172,z20170801_135034_0169a.JPG,-25.666,29.0064,2017-08-01,13:49:00,92,45,29.006,-25.6658
173,z20170801_135213_0170a.JPG,-25.6668,29.0061,2017-08-01,13:51:00,93,0,29.0061,-25.6668
174,z20170801_135214_0171a.JPG,-25.6668,29.0061,2017-08-01,13:51:00,94,0,29.0061,-25.6668
175,z20170801_135218_0172a.JPG,-25.6668,29.0061,2017-08-01,13:51:00,95,0,29.0061,-25.6668
176,z20170801_135218_0172b.JPG,-25.6668,29.0061,2017-08-01,13:51:00,94,0,29.0061,-25.6668
177,z20170801_135337_0179a.JPG,-25.667,29.0061,2017-08-01,13:52:00,96,0,29.0061,-25.667
178,z20170801_135339_0180a.JPG,-25.667,29.0061,2017-08-01,13:52:00,97,0,29.0061,-25.667
179,z20170801_135339_0180b.JPG,-25.667,29.0061,2017-08-01,13:52:00,96,0,29.0061,-25.667
180,z20170801_135345_0181a.JPG,-25.667,29.0061,2017-08-01,13:52:00,98,0,29.0061,-25.667
181,z20170801_142220_0192a.JPG,-25.6908,29.0028,2017-08-01,14:21:00,99,0,29.0028,-25.6908
182,z20170801_142251_0198a.JPG,-25.6908,29.0028,2017-08-01,14:21:00,100,0,29.0028,-25.6908
183,z20170801_151057_0209a.JPG,-25.7099,28.9924,2017-08-01,15:10:00,32,187,28.9941,-25.7094
184,z20170801_151223_0214a.JPG,-25.71,28.9923,2017-08-01,15:11:00,54,187,28.9941,-25.7094
185,z20170801_151223_0214b.JPG,-25.71,28.9923,2017-08-01,15:11:00,101,187,28.9941,-25.7094
186,z20170802_073031_0008a.JPG,-25.7015,28.9464,2017-08-02,07:29:00,103,60,28.9469,-25.7012
187,z20170802_073034_0009a.JPG,-25.7015,28.9464,2017-08-02,07:29:00,104,60,28.9469,-25.7012
188,z20170802_073034_0009b.JPG,-25.7015,28.9464,2017-08-02,07:29:00,105,60,28.9469,-25.7012
189,z20170802_073037_0010a.JPG,-25.7015,28.9464,2017-08-02,07:29:00,106,60,28.9469,-25.7012
190,z20170802_073044_0011a.JPG,-25.7015,28.9464,2017-08-02,07:29:00,107,60,28.9469,-25.7012
191,z20170802_073309_0012a.JPG,-25.7014,28.9463,2017-08-02,07:32:00,108,123,28.9475,-25.7011
192,z20170802_073309_0012b.JPG,-25.7014,28.9463,2017-08-02,07:32:00,109,123,28.9475,-25.7011
193,z20170802_073309_0012c.JPG,-25.7014,28.9463,2017-08-02,07:32:00,110,123,28.9475,-25.7011
194,z20170802_073309_0012d.JPG,-25.7014,28.9463,2017-08-02,07:32:00,111,123,28.9475,-25.7011
195,z20170802_073457_0015a.JPG,-25.7015,28.9464,2017-08-02,07:34:00,111,123,28.9475,-25.7011
196,z20170802_073457_0015b.JPG,-25.7015,28.9464,2017-08-02,07:34:00,112,123,28.9475,-25.7011
197,z20170802_073508_0016a.JPG,-25.7015,28.9464,2017-08-02,07:34:00,109,123,28.9475,-25.7011
198,z20170802_073730_0019a.JPG,-25.7002,28.9469,2017-08-02,07:36:00,183,81,28.9469,-25.6995
199,z20170802_073730_0019b.JPG,-25.7002,28.9469,2017-08-02,07:36:00,113,81,28.9469,-25.6995
200,z20170802_073730_0019c.JPG,-25.7002,28.9469,2017-08-02,07:36:00,114,81,28.9469,-25.6995
201,z20170802_102009_0036a.JPG,-25.7132,28.9877,2017-08-02,10:19:00,14,98,28.9872,-25.7124
202,z20170802_102315_0038b.JPG,-25.7133,28.9877,2017-08-02,10:22:00,115,98,28.9872,-25.7124
203,z20170802_102357_0040a.JPG,-25.713,28.9881,2017-08-02,10:23:00,116,98,28.9876,-25.7123
204,z20170802_110311_0054a.JPG,-25.7107,29.0191,2017-08-02,11:02:00,117,0,29.0191,-25.7107
205,z20170802_110429_0057a.JPG,-25.7107,29.019,2017-08-02,11:03:00,60,0,29.019,-25.7107
206,z20170802_113906_0064a.JPG,-25.69,29.056,2017-08-02,11:38:00,118,170,29.0545,-25.6893
207,z20170802_115058_0072a.JPG,-25.6818,29.0514,2017-08-02,11:50:00,119,64,29.0512,-25.6823
208,z20170802_115433_0073b.JPG,-25.6814,29.0508,2017-08-02,11:53:00,120,195,29.0499,-25.683
209,z20170802_120810_0084a.JPG,-25.6792,29.0451,2017-08-02,12:07:00,71,69,29.0452,-25.6786
210,z20170802_120846_0085a.JPG,-25.6791,29.0448,2017-08-02,12:07:00,121,69,29.0452,-25.6786
211,z20170802_124900_0087a.JPG,-25.6693,29.0233,2017-08-02,12:48:00,72,134,29.0226,-25.6703
212,z20170802_124907_0088a.JPG,-25.6692,29.0233,2017-08-02,12:48:00,74,134,29.0226,-25.6703
213,z20170802_125413_0089a.JPG,-25.6689,29.0226,2017-08-02,12:53:00,72,134,29.0219,-25.6699
214,z20170802_130538_0093a.JPG,-25.667,29.02,2017-08-02,13:04:00,122,128,29.0192,-25.6679
215,z20170802_130811_0096a.JPG,-25.667,29.02,2017-08-02,13:07:00,123,128,29.0189,-25.6676
216,z20170802_131314_0097a.JPG,-25.6668,29.0197,2017-08-02,13:12:00,123,128,29.0189,-25.6676
217,z20170802_131336_0098a.JPG,-25.6667,29.0198,2017-08-02,13:12:00,124,128,29.0189,-25.6676
218,z20170802_131402_0099a.JPG,-25.6666,29.0198,2017-08-02,13:13:00,125,128,29.0189,-25.6676
219,z20170802_131518_0100a.JPG,-25.6665,29.0194,2017-08-02,13:14:00,126,93,29.0187,-25.667
220,z20170802_131655_0101a.JPG,-25.6664,29.0194,2017-08-02,13:16:00,127,93,29.0187,-25.667
221,z20170802_132010_0102a.JPG,-25.6664,29.0193,2017-08-02,13:19:00,127,93,29.0187,-25.667
222,z20170802_132030_0103a.JPG,-25.6664,29.0193,2017-08-02,13:19:00,125,93,29.0187,-25.667
223,z20170802_132030_0103b.JPG,-25.6664,29.0193,2017-08-02,13:19:00,122,93,29.0187,-25.667
224,z20170802_132134_0105a.JPG,-25.6661,29.0189,2017-08-02,13:20:00,85,62,29.0185,-25.6665
225,z20170802_134234_0116a.JPG,-25.6597,29.011,2017-08-02,13:41:00,128,70,29.0108,-25.659
226,z20170802_134242_0117a.JPG,-25.6597,29.011,2017-08-02,13:41:00,129,70,29.0108,-25.659
227,z20170802_134504_0119a.JPG,-25.6596,29.011,2017-08-02,13:44:00,78,70,29.0108,-25.659
228,z20170802_134523_0120a.JPG,-25.6596,29.011,2017-08-02,13:44:00,82,70,29.0108,-25.659
229,z20170802_134800_0124a.JPG,-25.6602,29.0091,2017-08-02,13:47:00,79,134,29.0095,-25.6614
230,z20170802_134800_0124b.JPG,-25.6602,29.0091,2017-08-02,13:47:00,80,134,29.0095,-25.6614
231,z20170802_134800_0124c.JPG,-25.6602,29.0091,2017-08-02,13:47:00,81,134,29.0095,-25.6614
232,z20170802_134800_0124d.JPG,-25.6602,29.0091,2017-08-02,13:47:00,82,134,29.0095,-25.6614
233,z20170802_134800_0124e.JPG,-25.6602,29.0091,2017-08-02,13:47:00,87,134,29.0095,-25.6614
234,z20170802_134802_0125a.JPG,-25.6602,29.0091,2017-08-02,13:47:00,86,134,29.0095,-25.6614
235,z20170802_134810_0126a.JPG,-25.6602,29.0091,2017-08-02,13:47:00,78,134,29.0095,-25.6614
236,z20170802_134833_0127a.JPG,-25.6602,29.0091,2017-08-02,13:47:00,86,134,29.0095,-25.6614
237,z20170802_134924_0128a.JPG,-25.6602,29.0091,2017-08-02,13:48:00,78,134,29.0095,-25.6614
238,z20170802_134924_0128b.JPG,-25.6602,29.0091,2017-08-02,13:48:00,130,134,29.0095,-25.6614
239,z20170802_134924_0128c.JPG,-25.6602,29.0091,2017-08-02,13:48:00,86,134,29.0095,-25.6614
240,z20170802_134924_0128d.JPG,-25.6602,29.0091,2017-08-02,13:48:00,128,134,29.0095,-25.6614
241,z20170802_134928_0129a.JPG,-25.6602,29.0091,2017-08-02,13:48:00,86,134,29.0095,-25.6614
242,z20170802_134928_0129b.JPG,-25.6602,29.0091,2017-08-02,13:48:00,130,134,29.0095,-25.6614
243,z20170802_134928_0129c.JPG,-25.6602,29.0091,2017-08-02,13:48:00,80,134,29.0095,-25.6614
244,z20170802_134928_0129d.JPG,-25.6602,29.0091,2017-08-02,13:48:00,128,134,29.0095,-25.6614
245,z20170802_134931_0130a.JPG,-25.6602,29.0091,2017-08-02,13:48:00,78,134,29.0095,-25.6614
246,z20170802_134931_0130b.JPG,-25.6602,29.0091,2017-08-02,13:48:00,86,134,29.0095,-25.6614
247,z20170802_135200_0136a.JPG,-25.6602,29.0091,2017-08-02,13:51:00,77,181,29.009,-25.6599
248,z20170802_135200_0136b.JPG,-25.6602,29.0091,2017-08-02,13:51:00,131,181,29.009,-25.6599
249,z20170802_140652_0146a.JPG,-25.663,29.0083,2017-08-02,14:06:00,132,0,29.0083,-25.663
250,z20170802_140841_0148a.JPG,-25.664,29.0078,2017-08-02,14:07:00,89,0,29.0078,-25.664
251,z20170802_141346_0149a.JPG,-25.6654,29.0069,2017-08-02,14:12:00,133,0,29.0069,-25.6654
252,z20170802_141349_0150a.JPG,-25.6654,29.0069,2017-08-02,14:12:00,134,0,29.0069,-25.6654
253,z20170802_141607_0155a.JPG,-25.6657,29.0066,2017-08-02,14:15:00,93,0,29.0066,-25.6657
254,z20170802_151716_0182a.JPG,-25.7041,29.0057,2017-08-02,15:16:00,135,130,29.0051,-25.7031
255,z20170802_151718_0183a.JPG,-25.7041,29.0057,2017-08-02,15:16:00,136,130,29.0051,-25.7031
256,z20170802_152421_0184a.JPG,-25.7055,29.0034,2017-08-02,15:23:00,53,168,29.0021,-25.7047
257,z20170802_152456_0186a.JPG,-25.7055,29.0034,2017-08-02,15:24:00,18,168,29.0021,-25.7047
258,z20170802_152512_0187a.JPG,-25.7055,29.0034,2017-08-02,15:24:00,32,168,29.0021,-25.7047
259,z20170802_152529_0188a.JPG,-25.7055,29.0034,2017-08-02,15:24:00,137,168,29.0021,-25.7047
260,z20170802_152535_0189a.JPG,-25.7055,29.0034,2017-08-02,15:24:00,29,168,29.0021,-25.7047
261,z20170802_152535_0189b.JPG,-25.7055,29.0034,2017-08-02,15:24:00,31,168,29.0021,-25.7047
262,z20170803_095311_0011a.JPG,-25.7111,28.9606,2017-08-03,09:52:00,138,116,28.9618,-25.711
263,z20170803_095744_0013a.JPG,-25.713,28.9611,2017-08-03,09:56:00,139,116,28.9621,-25.7125
264,z20170803_095824_0014a.JPG,-25.713,28.9611,2017-08-03,09:57:00,139,116,28.9621,-25.7125
265,z20170803_112757_0035a.JPG,-25.7124,28.9892,2017-08-03,11:24:00,140,160,28.9887,-25.711
266,z20170803_112828_0037a.JPG,-25.7123,28.9895,2017-08-03,11:27:00,12,160,28.9887,-25.711
267,z20170803_112837_0038a.JPG,-25.7123,28.9895,2017-08-03,11:27:00,48,160,28.9887,-25.711
268,z20170803_113158_0042a.JPG,-25.7123,28.9895,2017-08-03,11:31:00,141,160,28.9887,-25.711
269,z20170803_113158_0042b.JPG,-25.7123,28.9895,2017-08-03,11:31:00,142,160,28.9887,-25.711
270,z20170803_130156_0057b.JPG,-25.6919,29.0569,2017-08-03,13:01:00,143,62,29.0569,-25.6913
271,z20170803_130201_0058a.JPG,-25.6919,29.0569,2017-08-03,13:01:00,144,62,29.0569,-25.6913
272,z20170803_130204_0059a.JPG,-25.6919,29.0569,2017-08-03,13:01:00,145,62,29.0569,-25.6913
273,z20170803_130354_0061a.JPG,-25.6919,29.0577,2017-08-03,13:03:00,143,62,29.0577,-25.6913
274,z20170803_130425_0062a.JPG,-25.6918,29.0576,2017-08-03,13:03:00,145,62,29.0577,-25.6913
275,z20170803_131548_0064a.JPG,-25.6803,29.0488,2017-08-03,13:14:00,146,57,29.0486,-25.6808
276,z20170803_131629_0068a.JPG,-25.6803,29.0488,2017-08-03,13:15:37,147,132,29.0482,-25.6815
277,z20170803_131643_0070a.JPG,-25.6803,29.0488,2017-08-03,13:15:51,120,132,29.0482,-25.6815
278,z20170803_131643_0070b.JPG,-25.6803,29.0488,2017-08-03,13:15:51,147,132,29.0482,-25.6815
279,z20170803_131643_0070c.JPG,-25.6803,29.0488,2017-08-03,13:15:51,148,132,29.0482,-25.6815
280,z20170803_131643_0070d.JPG,-25.6803,29.0488,2017-08-03,13:15:51,149,132,29.0482,-25.6815
281,z20170803_131658_0071a.JPG,-25.6803,29.0488,2017-08-03,13:16:06,120,132,29.0482,-25.6815
282,z20170803_131729_0072a.JPG,-25.6803,29.0487,2017-08-03,13:16:37,150,132,29.0482,-25.6814
283,z20170803_131729_0072b.JPG,-25.6803,29.0487,2017-08-03,13:16:37,151,132,29.0482,-25.6814
284,z20170803_131735_0073a.JPG,-25.6803,29.0487,2017-08-03,13:16:43,152,132,29.0482,-25.6814
285,z20170803_131735_0073b.JPG,-25.6803,29.0487,2017-08-03,13:16:43,146,132,29.0482,-25.6814
286,z20170803_131735_0073c.JPG,-25.6803,29.0487,2017-08-03,13:16:43,150,132,29.0482,-25.6814
287,z20170803_131800_0074a.JPG,-25.6803,29.0487,2017-08-03,13:17:08,151,132,29.0482,-25.6814
288,z20170803_131819_0075a.JPG,-25.6803,29.0487,2017-08-03,13:17:27,153,132,29.0482,-25.6814
289,z20170803_132148_0077a.JPG,-25.6798,29.0474,2017-08-03,13:20:56,154,159,29.0471,-25.6812
290,z20170803_132148_0077b.JPG,-25.6798,29.0474,2017-08-03,13:20:56,155,159,29.0471,-25.6812
291,z20170803_132243_0079a.JPG,-25.6798,29.0474,2017-08-03,13:21:51,156,159,29.0471,-25.6812
292,z20170803_133259_0087a.JPG,-25.68,29.0415,2017-08-03,13:32:07,157,63,29.0412,-25.6805
293,z20170803_133301_0088a.JPG,-25.68,29.0415,2017-08-03,13:32:09,158,63,29.0412,-25.6805
294,z20170803_134227_0089a.JPG,-25.6772,29.0367,2017-08-03,13:41:48,159,42,29.0365,-25.6775
295,z20170803_134240_0090a.JPG,-25.6772,29.0367,2017-08-03,13:41:48,160,42,29.0365,-25.6775
296,z20170803_134253_0091a.JPG,-25.6772,29.0367,2017-08-03,13:42:01,159,42,29.0365,-25.6775
297,z20170803_134355_0093a.JPG,-25.6768,29.036,2017-08-03,13:43:03,159,42,29.0358,-25.6771
298,z20170803_134357_0094a.JPG,-25.6768,29.036,2017-08-03,13:43:05,161,42,29.0358,-25.6771
299,z20170803_134358_0095a.JPG,-25.6768,29.036,2017-08-03,13:43:05,160,42,29.0358,-25.6771
300,z20170803_134359_0096a.JPG,-25.6768,29.036,2017-08-03,13:43:07,159,42,29.0358,-25.6771
301,z20170803_134404_0097a.JPG,-25.6768,29.036,2017-08-03,13:43:12,162,42,29.0358,-25.6771
302,z20170803_134548_0102a.JPG,-25.6766,29.0358,2017-08-03,13:44:55,163,42,29.0356,-25.677
303,z20170803_135416_0114a.JPG,-25.6707,29.0252,2017-08-03,13:53:25,72,175,29.0243,-25.672
304,z20170803_140638_0124a.JPG,-25.666,29.0189,2017-08-03,14:05:46,164,46,29.0187,-25.6663
305,z20170803_140731_0125a.JPG,-25.666,29.0189,2017-08-03,14:06:39,133,46,29.0187,-25.6663
306,z20170803_140934_0128a.JPG,-25.6651,29.0179,2017-08-03,14:08:42,89,39,29.0176,-25.6654
307,z20170803_141030_0131a.JPG,-25.665,29.0177,2017-08-03,14:09:38,89,39,29.0175,-25.6653
308,z20170803_141030_0131b.JPG,-25.665,29.0177,2017-08-03,14:09:38,90,39,29.0175,-25.6653
309,z20170803_141257_0132a.JPG,-25.6628,29.0162,2017-08-03,14:12:05,165,108,29.0153,-25.6633
310,z20170803_141309_0135a.JPG,-25.6628,29.0162,2017-08-03,14:12:17,166,108,29.0153,-25.6633
311,z20170803_141327_0138a.JPG,-25.6628,29.0162,2017-08-03,14:12:35,125,108,29.0153,-25.6633
312,z20170803_141327_0138b.JPG,-25.6628,29.0162,2017-08-03,14:12:35,167,108,29.0153,-25.6633
313,z20170803_141359_0140a.JPG,-25.6628,29.0162,2017-08-03,14:13:07,123,108,29.0153,-25.6633
314,z20170803_141429_0141a.JPG,-25.6628,29.0162,2017-08-03,14:13:37,168,149,29.0149,-25.6635
315,z20170803_141441_0144a.JPG,-25.6628,29.0162,2017-08-03,14:13:49,168,149,29.0149,-25.6635
316,z20170803_141527_0145a.JPG,-25.6624,29.0161,2017-08-03,14:14:35,123,149,29.0147,-25.6629
317,z20170803_141612_0147a.JPG,-25.6618,29.0159,2017-08-03,14:15:21,80,149,29.0144,-25.6619
318,z20170803_141737_0150a.JPG,-25.6615,29.0159,2017-08-03,14:16:45,82,149,29.0144,-25.6615
319,z20170803_141737_0150b.JPG,-25.6615,29.0159,2017-08-03,14:16:45,86,149,29.0144,-25.6615
320,z20170803_141807_0152a.JPG,-25.6615,29.0159,2017-08-03,14:17:16,182,149,29.0144,-25.6615
321,z20170803_142219_0154a.JPG,-25.6585,29.0147,2017-08-03,12:21:28,128,49,29.0148,-25.6589
322,z20170803_142247_0155a.JPG,-25.6587,29.0142,2017-08-03,14:21:55,130,49,29.0142,-25.659
323,z20170803_142311_0156a.JPG,-25.6587,29.0141,2017-08-03,14:22:19,128,49,29.0142,-25.6591
324,z20170803_142325_0157a.JPG,-25.6587,29.0141,2017-08-03,14:22:33,130,49,29.0142,-25.6591
325,z20170803_142335_0158a.JPG,-25.6587,29.0141,2017-08-03,14:22:43,128,49,29.0142,-25.6591
326,z20170803_142515_0159a.JPG,-25.6593,29.0121,2017-08-03,14:24:23,169,103,29.0125,-25.6602
327,z20170803_143424_0168a.JPG,-25.6653,29.0069,2017-08-03,14:33:32,170,94,29.0076,-25.6658
328,z20170803_143757_0171a.JPG,-25.6662,29.0063,2017-08-03,14:37:05,171,154,29.0077,-25.6668
329,z20170803_143807_0173b.JPG,-25.6662,29.0063,2017-08-03,14:37:15,172,154,29.0077,-25.6668
330,z20170803_145945_0181a.JPG,-25.6746,29.009,2017-08-03,14:58:53,92,0,29.009,-25.6746
331,z20170803_145956_0182a.JPG,-25.6746,29.009,2017-08-03,14:59:04,173,0,29.009,-25.6746
332,z20170803_150013_0183a.JPG,-25.6745,29.009,2017-08-03,14:59:21,174,0,29.009,-25.6745
333,z20170803_150058_0184a.JPG,-25.6747,29.0091,2017-08-03,15:00:06,91,0,29.0091,-25.6747
334,z20170803_150122_0186a.JPG,-25.6749,29.0092,2017-08-03,15:00:30,175,0,29.0092,-25.6749
336,z20170803_152539_0195a.JPG,-25.7043,29.0012,2017-08-03,15:24:47,177,52,29.0012,-25.7038
337,z20170803_152541_0196a.JPG,-25.7043,29.0012,2017-08-03,15:24:48,178,52,29.0012,-25.7038
338,z20170803_152620_0197a.JPG,-25.7043,29.0017,2017-08-03,15:25:27,179,52,29.0018,-25.7038
339,z20170803_152620_0197b.JPG,-25.7043,29.0017,2017-08-03,15:25:27,180,52,29.0018,-25.7038
340,z20170803_152630_0198a.JPG,-25.7043,29.0017,2017-08-03,15:25:38,180,52,29.0018,-25.7038
341,z20170803_152634_0199a.JPG,-25.7043,29.0017,2017-08-03,15:25:42,179,52,29.0018,-25.7038
342,z20170803_152723_0201a.JPG,-25.7044,29.002,2017-08-03,15:26:31,181,52,29.002,-25.7039
343,z20170803_152751_0202a.JPG,-25.7044,29.002,2017-08-03,15:26:59,178,52,29.002,-25.7039
344,z20170803_152751_0202b.JPG,-25.7044,29.002,2017-08-03,15:26:59,179,52,29.002,-25.7039
345,z20170803_153522_0205a.JPG,-25.7088,28.9955,2017-08-03,15:34:30,32,0,28.9955,-25.7088
346,z20170803_153621_0210a.JPG,-25.7088,28.9955,2017-08-03,15:35:29,31,0,28.9955,-25.7088
347,z20170804_072224_0001a.JPG,-25.7002,28.9466,2017-08-04,07:22:00,109,108,28.9462,-25.6994
348,z20170804_072224_0001b.JPG,-25.7002,28.9466,2017-08-04,07:22:00,112,108,28.9462,-25.6994
349,z20170804_072224_0001c.JPG,-25.7002,28.9466,2017-08-04,07:22:00,108,108,28.9462,-25.6994
350,z20170804_072237_0002a.JPG,-25.7002,28.9466,2017-08-04,07:22:00,113,108,28.9462,-25.6994
351,z20170804_072240_0003a.JPG,-25.7002,28.9466,2017-08-04,07:22:00,111,108,28.9462,-25.6994
352,z20170804_072404_0006a.JPG,-25.7002,28.9466,2017-08-04,05:22:00,111,108,28.9462,-25.6994
353,z20170804_072404_0006b.JPG,-25.7002,28.9466,2017-08-04,07:22:00,113,108,28.9462,-25.6994
354,z20170804_083919_0016a.JPG,-25.6882,28.9455,2017-08-04,08:38:26,185,101,28.9447,-25.6887
355,z20170804_084924_0035a.JPG,-25.695,28.9424,2017-08-04,08:48:32,103,0,28.9424,-25.695
356,z20170804_084924_0035b.JPG,-25.695,28.9424,2017-08-04,08:48:32,106,0,28.9424,-25.695
357,z20170804_085020_0037a.JPG,-25.695,28.9424,2017-08-04,08:49:27,105,0,28.9424,-25.695
358,z20170804_085341_0038a.JPG,-25.6958,28.9418,2017-08-04,08:52:49,107,0,28.9418,-25.6958
359,z20170804_092349_0048a.JPG,-25.7123,28.9516,2017-08-04,09:22:56,186,102,28.951,-25.7115
360,z20170804_114257_0104a.JPG,-25.6918,29.0602,2017-08-04,11:42:04,187,113,29.0602,-25.6908
361,z20170804_114834_0106b.JPG,-25.692,29.055,2017-08-04,11:47:42,188,150,29.0553,-25.6933
362,z20170804_115456_0110a.JPG,-25.6878,29.0563,2017-08-04,11:54:04,190,85,29.057,-25.6875
363,z20170804_115650_0111a.JPG,-25.6878,29.0563,2017-08-04,11:55:58,191,85,29.057,-25.6875
364,z20170804_115659_0114a.JPG,-25.6878,29.0563,2017-08-04,11:56:06,190,85,29.057,-25.6875
365,z20170804_115710_0115a.JPG,-25.6878,29.0563,2017-08-04,11:56:17,192,85,29.057,-25.6875
366,z20170804_121247_0124a.JPG,-25.6802,29.0486,2017-08-04,12:11:55,149,158,29.0493,-25.679
367,z20170804_122315_0136a.JPG,-25.6796,29.0465,2017-08-04,12:22:22,193,158,29.0464,-25.681
368,z20170804_122315_0136b.JPG,-25.6796,29.0465,2017-08-04,12:22:22,162,158,29.0464,-25.681
369,z20170804_122638_0140a.JPG,-25.6795,29.0462,2017-08-04,12:25:46,160,57,29.0461,-25.68
370,z20170804_122725_0146a.JPG,-25.6795,29.0462,2017-08-04,10:26:32,161,57,29.0461,-25.68
371,z20170804_122735_0147a.JPG,-25.6795,29.0462,2017-08-04,12:26:42,160,57,29.0461,-25.68
372,z20170804_123129_0149a.JPG,-25.6793,29.0456,2017-08-04,12:30:37,67,110,29.0454,-25.6803
373,z20170804_123129_0149b.JPG,-25.6793,29.0456,2017-08-04,12:30:37,194,110,29.0454,-25.6803
374,z20170804_123129_0149c.JPG,-25.6793,29.0456,2017-08-04,12:30:37,71,110,29.0454,-25.6803
375,z20170804_123131_0150a.JPG,-25.6793,29.0456,2017-08-04,12:30:38,70,110,29.0454,-25.6803
376,z20170804_123152_0153a.JPG,-25.6793,29.0455,2017-08-04,12:30:59,121,110,29.0452,-25.6802
378,z20170804_131659_0166a.JPG,-25.6667,29.0195,2017-08-04,13:16:07,195,118,29.0189,-25.6674
379,z20170804_132011_0170a.JPG,-25.6664,29.0194,2017-08-04,13:19:18,196,118,29.0187,-25.6672
380,z20170804_132011_0170b.JPG,-25.6664,29.0194,2017-08-04,13:19:18,197,118,29.0187,-25.6672
381,z20170804_132103_0173a.JPG,-25.6662,29.0191,2017-08-04,13:20:10,198,50,29.0188,-25.6665
382,z20170804_132114_0174a.JPG,-25.6661,29.0189,2017-08-04,13:20:21,199,50,29.0186,-25.6664
383,z20170804_132148_0176a.JPG,-25.666,29.019,2017-08-04,13:20:56,195,118,29.0182,-25.6669
384,z20170804_132153_0177a.JPG,-25.666,29.019,2017-08-04,13:21:01,83,118,29.0182,-25.6669
385,z20170804_132627_0183a.JPG,-25.6654,29.0183,2017-08-04,13:25:35,200,40,29.018,-25.6657
386,z20170804_132641_0186a.JPG,-25.6654,29.0183,2017-08-04,13:25:48,198,40,29.018,-25.6657
387,z20170804_132642_0187a.JPG,-25.6654,29.0183,2017-08-04,13:25:50,92,40,29.018,-25.6657
388,z20170804_132809_0188a.JPG,-25.6652,29.018,2017-08-04,13:27:17,124,40,29.0177,-25.6655
389,z20170804_133013_0189a.JPG,-25.6651,29.0179,2017-08-04,13:29:20,91,114,29.0172,-25.6659
390,z20170804_133013_0189b.JPG,-25.6651,29.0179,2017-08-04,13:29:20,92,114,29.0172,-25.6659
391,z20170804_133347_0192a.JPG,-25.6647,29.0175,2017-08-04,13:32:54,201,114,29.0167,-25.6656
392,z20170804_133347_0192b.JPG,-25.6647,29.0175,2017-08-04,13:32:54,202,114,29.0167,-25.6656
393,z20170804_135012_0205a.JPG,-25.6597,29.0106,2017-08-04,13:49:20,127,0,29.0106,-25.6597
394,z20170804_135019_0206a.JPG,-25.6597,29.0106,2017-08-04,13:49:27,97,0,29.0106,-25.6597
395,z20170804_135037_0207a.JPG,-25.6597,29.0106,2017-08-04,13:49:45,131,0,29.0106,-25.6597
396,z20170804_135144_0208a.JPG,-25.66,29.0098,2017-08-04,13:50:52,131,0,29.0098,-25.66
397,z20170804_135145_0209a.JPG,-25.66,29.0098,2017-08-04,13:50:53,131,0,29.0098,-25.66
398,z20170804_135156_0212b.JPG,-25.66,29.0098,2017-08-04,13:51:04,77,0,29.0098,-25.66
399,z20170804_135203_0213a.JPG,-25.66,29.0098,2017-08-04,13:51:10,204,0,29.0098,-25.66
400,z20170804_135203_0213b.JPG,-25.66,29.0098,2017-08-04,13:51:10,205,0,29.0098,-25.66
401,z20170804_135418_0214a.JPG,-25.66,29.0098,2017-08-04,13:53:25,205,0,29.0098,-25.66
402,z20170804_135808_0216a.JPG,-25.6616,29.0084,2017-08-04,13:57:15,127,0,29.0084,-25.6616
403,z20170804_135823_0217a.JPG,-25.6616,29.0084,2017-08-04,13:57:30,206,0,29.0084,-25.6616
404,z20170804_135849_0218b.JPG,-25.6616,29.0084,2017-08-04,13:57:56,207,0,29.0084,-25.6616
405,z20170804_140423_0220a.JPG,-25.6666,29.0061,2017-08-04,14:03:30,208,111,29.0051,-25.6664
406,z20170804_141004_0221a.JPG,-25.6748,29.0092,2017-08-04,14:09:12,209,0,29.0092,-25.6748
407,z20170804_141107_0222a.JPG,-25.6759,29.0099,2017-08-04,14:10:15,210,0,29.0099,-25.6759
408,z20170804_141127_0225a.JPG,-25.6759,29.0099,2017-08-04,14:10:35,211,0,29.0099,-25.6759
409,z20170804_141406_0228a.JPG,-25.6762,29.0101,2017-08-04,14:13:14,212,0,29.0101,-25.6762
410,z20170804_141448_0229a.JPG,-25.6765,29.0102,2017-08-04,14:13:56,212,0,29.0102,-25.6765
411,z20170804_143025_0230a.JPG,-25.699,28.9919,2017-08-04,14:29:40,213,80,28.9912,-25.699
412,z20170804_143032_0232a.JPG,-25.699,28.9919,2017-08-04,14:29:40,214,80,28.9912,-25.699
413,z20170804_143121_0233a.JPG,-25.699,28.992,2017-08-04,14:30:29,215,80,28.9912,-25.699
414,z20170804_143959_0235a.JPG,-25.7043,29.0008,2017-08-04,14:39:07,216,111,29.0009,-25.7033
415,z20170804_144806_0236a.JPG,-25.7085,28.9979,2017-08-04,14:47:13,217,130,28.9985,-25.7096
416,z20170804_144828_0237a.JPG,-25.7085,28.9979,2017-08-04,14:47:36,218,130,28.9985,-25.7096
417,z20170804_144830_0238a.JPG,-25.7085,28.9979,2017-08-04,14:47:38,217,130,28.9985,-25.7096
418,z20170804_145200_0239a.JPG,-25.7087,28.9958,2017-08-04,14:51:08,219,0,28.9958,-25.7087
419,z20170804_145310_0240a.JPG,-25.7088,28.9954,2017-08-04,14:52:18,220,0,28.9954,-25.7088
420,z20170804_145310_0240b.JPG,-25.7088,28.9954,2017-08-04,14:52:18,219,0,28.9954,-25.7088
421,z20170804_145328_0241a.JPG,-25.7089,28.9952,2017-08-04,14:52:35,221,0,28.9952,-25.7089
422,z20170804_145335_0242a.JPG,-25.709,28.9952,2017-08-04,14:52:42,222,0,28.9952,-25.709
423,z20170804_145341_0243a.JPG,-25.709,28.9951,2017-08-04,14:52:49,223,0,28.9951,-25.709
424,z20170804_145341_0243b.JPG,-25.709,28.9951,2017-08-04,14:52:49,224,0,28.9951,-25.709
425,z20170804_145351_0244a.JPG,-25.709,28.9951,2017-08-04,14:52:58,179,0,28.9951,-25.709
426,z20170804_145359_0245a.JPG,-25.709,28.9951,2017-08-04,14:53:06,225,0,28.9951,-25.709
427,z20170804_145420_0246a.JPG,-25.709,28.9951,2017-08-04,14:53:28,226,0,28.9951,-25.709
428,z20170804_145505_0248a.JPG,-25.709,28.9952,2017-08-04,14:54:13,227,0,28.9952,-25.709
429,z20170804_145516_0250a.JPG,-25.709,28.9951,2017-08-04,14:54:23,180,0,28.9951,-25.709
430,z20170804_145633_0251a.JPG,-25.709,28.9951,2017-08-04,14:55:41,225,0,28.9951,-25.709
431,z20170804_145656_0252a.JPG,-25.709,28.9951,2017-08-04,14:56:03,29,0,28.9951,-25.709
432,z20170804_145718_0253a.JPG,-25.709,28.9951,2017-08-04,14:56:26,31,0,28.9951,-25.709
433,z20170804_145735_0254a.JPG,-25.709,28.9951,2017-08-04,14:56:42,228,0,28.9951,-25.709
434,z20170804_150151_0257a.JPG,-25.7119,28.9901,2017-08-04,15:00:59,13,0,28.9901,-25.7119
435,z20170804_150240_0259a.JPG,-25.712,28.9901,2017-08-04,15:01:48,116,0,28.9901,-25.712
436,z20170804_150353_0260a.JPG,-25.7123,28.9896,2017-08-04,15:03:01,49,0,28.9896,-25.7123
437,z20170804_150356_0261a.JPG,-25.7123,28.9896,2017-08-04,15:03:03,229,0,28.9896,-25.7123
438,z20170804_150456_0263a.JPG,-25.7123,28.9894,2017-08-04,15:04:04,19,0,28.9894,-25.7123
439,z20170804_150456_0263b.JPG,-25.7123,28.9894,2017-08-04,15:04:04,18,0,28.9894,-25.7123
440,z20170804_150648_0264a.JPG,-25.7124,28.9892,2017-08-04,15:05:55,48,0,28.9892,-25.7124
441,z20170804_150659_0265a.JPG,-25.7124,28.9892,2017-08-04,15:06:06,13,0,28.9892,-25.7124
442,z20170804_150749_0266a.JPG,-25.7126,28.9888,2017-08-04,15:06:57,230,0,28.9888,-25.7126
443,z20170804_150754_0268a.JPG,-25.7126,28.9888,2017-08-04,15:07:01,52,0,28.9888,-25.7126
444,z20170804_150808_0271a.JPG,-25.7126,28.9888,2017-08-04,15:07:16,231,0,28.9888,-25.7126
445,z20170804_150808_0271b.JPG,-25.7126,28.9888,2017-08-04,15:07:16,232,0,28.9888,-25.7126
446,z20170804_150824_0272a.JPG,-25.7126,28.9888,2017-08-04,15:07:32,51,0,28.9888,-25.7126
447,z20170804_150826_0273a.JPG,-25.7126,28.9888,2017-08-04,15:07:34,17,0,28.9888,-25.7126
448,z20170804_150828_0274a.JPG,-25.7126,28.9888,2017-08-04,15:07:36,52,0,28.9888,-25.7126
449,z20170804_151049_0275a.JPG,-25.7128,28.9883,2017-08-04,15:09:57,231,0,28.9883,-25.7128
450,z20170806_074222_0003a.JPG,-25.6796,28.9492,2017-08-06,07:41:29,36,52,28.949,-25.6801
451,z20170806_074257_0005a.JPG,-25.6796,28.9492,2017-08-06,07:42:04,37,52,28.949,-25.6801
452,z20170806_074344_0006a.JPG,-25.6794,28.9485,2017-08-06,07:42:51,39,52,28.9483,-25.6799
453,z20170806_080517_0025a.JPG,-25.6647,28.964,2017-08-06,08:04:24,233,82,28.964,-25.664
454,z20170806_110353_0101a.JPG,-25.6962,29.0539,2017-08-06,11:03:00,234,31,29.0534,-25.6962
455,z20170806_110358_0102a.JPG,-25.6962,29.0539,2017-08-06,11:03:05,188,31,29.0534,-25.6962
456,z20170806_111345_0118b.JPG,-25.6898,29.0561,2017-08-06,11:12:52,235,0,29.0561,-25.6898
457,z20170806_111425_0120a.JPG,-25.689,29.0564,2017-08-06,11:13:31,236,0,29.0564,-25.689
458,z20170806_111530_0121a.JPG,-25.6888,29.0564,2017-08-06,11:14:37,144,0,29.0564,-25.6888
459,z20170806_111530_0121b.JPG,-25.6888,29.0564,2017-08-06,11:14:37,118,0,29.0564,-25.6888
460,z20170806_111530_0121c.JPG,-25.6888,29.0564,2017-08-06,11:14:37,236,0,29.0564,-25.6888
461,z20170806_112748_0131a.JPG,-25.6796,29.0436,2017-08-06,11:26:55,68,102,29.0444,-25.6801
462,z20170806_112806_0134a.JPG,-25.6796,29.0436,2017-08-06,11:27:12,70,102,29.0444,-25.6801
463,z20170806_113154_0138a.JPG,-25.6798,29.0411,2017-08-06,11:31:01,237,102,29.0406,-25.6806
464,z20170806_113154_0138b.JPG,-25.6798,29.0411,2017-08-06,11:31:01,238,102,29.0406,-25.6806
465,z20170806_113157_0139a.JPG,-25.6798,29.0411,2017-08-06,11:31:04,239,102,29.0406,-25.6806
466,z20170806_113159_0140a.JPG,-25.6798,29.0411,2017-08-06,11:31:06,238,102,29.0406,-25.6806
467,z20170806_113205_0141a.JPG,-25.6798,29.0411,2017-08-06,11:31:12,198,102,29.0406,-25.6806
468,z20170806_113207_0142a.JPG,-25.6798,29.0411,2017-08-06,11:31:14,240,102,29.0406,-25.6806
469,z20170806_113220_0143a.JPG,-25.6798,29.0411,2017-08-06,11:31:27,199,102,29.0406,-25.6806
470,z20170806_113242_0145a.JPG,-25.6798,29.0411,2017-08-06,11:31:49,240,102,29.0406,-25.6806
471,z20170806_113242_0145b.JPG,-25.6798,29.0411,2017-08-06,11:31:49,239,102,29.0406,-25.6806
472,z20170806_113242_0145c.JPG,-25.6798,29.0411,2017-08-06,11:31:49,200,102,29.0406,-25.6806
473,z20170806_113326_0147a.JPG,-25.6798,29.0411,2017-08-06,11:32:33,200,102,29.0406,-25.6806
474,z20170806_113326_0147b.JPG,-25.6798,29.0411,2017-08-06,11:32:33,199,102,29.0406,-25.6806
475,z20170806_113349_0148a.JPG,-25.6798,29.0411,2017-08-06,11:32:55,241,102,29.0406,-25.6806
476,z20170806_113356_0150a.JPG,-25.6798,29.0411,2017-08-06,11:33:03,242,102,29.0406,-25.6806
477,z20170806_123914_0159a.JPG,-25.6672,29.0203,2017-08-06,12:38:21,243,96,29.0197,-25.6679
478,z20170806_125318_0174a.JPG,-25.6631,29.0163,2017-08-06,12:52:36,169,143,29.0151,-25.6636
479,z20170806_131429_0204a.JPG,-25.6657,29.007,2017-08-06,13:13:47,171,57,29.0072,-25.6658
480,z20170806_134120_0231a.JPG,-25.6964,28.9944,2017-08-06,13:40:27,244,0,28.9944,-25.6964
481,z20170806_134124_0232a.JPG,-25.6964,28.9944,2017-08-06,13:40:31,245,0,28.9944,-25.6964
482,z20170806_134417_0235a.JPG,-25.6974,28.9928,2017-08-06,13:43:23,246,108,28.992,-25.6964
483,z20170806_134425_0236a.JPG,-25.6974,28.9928,2017-08-06,13:43:31,246,108,28.992,-25.6964
484,z20170806_140409_0243a.JPG,-25.7078,28.9993,2017-08-06,14:03:16,247,30,28.9995,-25.7081
485,z20170806_140459_0244a.JPG,-25.7078,28.9993,2017-08-06,14:04:06,248,30,28.9995,-25.7081
486,z20170806_140503_0245a.JPG,-25.7078,28.9994,2017-08-06,14:04:10,249,30,28.9995,-25.7081
487,z20170806_140523_0246a.JPG,-25.7078,28.9993,2017-08-06,14:04:30,250,30,28.9995,-25.7081
488,z20170806_140525_0247a.JPG,-25.7078,28.9993,2017-08-06,14:04:32,248,30,28.9995,-25.7081
489,z20170806_140533_0248a.JPG,-25.7078,28.9993,2017-08-06,14:04:40,247,30,28.9995,-25.7081
490,z20170806_140609_0250a.JPG,-25.7078,28.9993,2017-08-06,14:05:16,251,30,28.9995,-25.7081
491,z20170806_140643_0252a.JPG,-25.7079,28.9993,2017-08-06,14:05:50,252,30,28.9995,-25.7081
492,z20170806_140653_0253a.JPG,-25.7079,28.9993,2017-08-06,14:05:59,142,30,28.9995,-25.7081
493,z20170806_140718_0255a.JPG,-25.7079,28.9993,2017-08-06,14:06:25,141,30,28.9995,-25.7081
494,z20170806_140751_0256a.JPG,-25.7078,28.9993,2017-08-06,14:06:58,253,30,28.9995,-25.7081
495,z20170806_140751_0256b.JPG,-25.7078,28.9993,2017-08-06,14:06:58,252,30,28.9995,-25.7081
496,z20170806_140751_0256c.JPG,-25.7078,28.9993,2017-08-06,14:06:58,251,30,28.9995,-25.7081
497,z20170806_140816_0257a.JPG,-25.7078,28.9993,2017-08-06,14:07:23,247,30,28.9995,-25.7081
498,z20170806_140820_0258a.JPG,-25.7078,28.9993,2017-08-06,14:07:26,254,30,28.9995,-25.7081
499,z20170806_140820_0258b.JPG,-25.7078,28.9993,2017-08-06,14:07:26,141,30,28.9995,-25.7081
500,z20170806_140820_0258c.JPG,-25.7078,28.9993,2017-08-06,14:07:26,142,30,28.9995,-25.7081
501,z20170806_140839_0260a.JPG,-25.7078,28.9993,2017-08-06,14:07:46,247,30,28.9995,-25.7081
502,z20170806_140839_0260b.JPG,-25.7078,28.9993,2017-08-06,14:07:46,255,30,28.9995,-25.7081
503,z20170806_140856_0261a.JPG,-25.7078,28.9993,2017-08-06,14:08:02,256,30,28.9995,-25.7081
504,z20170806_142906_0281a.JPG,-25.7125,28.9891,2017-08-06,14:28:13,257,46,28.9893,-25.7128
505,z20170806_143051_0282a.JPG,-25.7129,28.9883,2017-08-06,14:29:58,258,42,28.9885,-25.7132
506,z20170806_143100_0285a.JPG,-25.7129,28.9883,2017-08-06,14:30:07,257,42,28.9885,-25.7132
507,z20170806_143143_0286a.JPG,-25.7132,28.9878,2017-08-06,14:30:50,259,42,28.988,-25.7135
508,z20170806_143246_0288a.JPG,-25.7132,28.9878,2017-08-06,14:31:53,260,42,28.988,-25.7135
509,z20170806_143248_0289a.JPG,-25.7132,28.9878,2017-08-06,14:31:55,260,42,28.988,-25.7135
510,z20170806_143423_0290a.JPG,-25.7138,28.987,2017-08-06,14:33:29,260,42,28.9871,-25.714
511,z20170807_085226_0046a.JPG,-25.7004,28.9334,2017-08-07,08:51:32,113,73,28.9339,-25.7009
512,z20170807_085236_0047a.JPG,-25.7004,28.9335,2017-08-07,08:51:42,108,73,28.9339,-25.7009
513,z20170807_085238_0048a.JPG,-25.7004,28.9335,2017-08-07,08:51:44,113,73,28.9339,-25.7009
514,z20170807_085249_0049a.JPG,-25.7004,28.9335,2017-08-07,08:51:55,292,73,28.9339,-25.7009
515,z20170807_085335_0052a.JPG,-25.7004,28.9334,2017-08-07,08:52:41,110,73,28.9339,-25.7009
516,z20170807_085443_0054a.JPG,-25.7015,28.9325,2017-08-07,08:53:50,110,73,28.933,-25.702
517,z20170807_085446_0055a.JPG,-25.7015,28.9325,2017-08-07,08:53:53,111,73,28.933,-25.702
518,z20170807_085510_0057a.JPG,-25.7015,28.9325,2017-08-07,08:54:17,112,73,28.933,-25.702
519,z20170807_085529_0059a.JPG,-25.7015,28.9325,2017-08-07,08:54:35,110,73,28.933,-25.702
520,z20170807_091015_0062a.JPG,-25.7127,28.9501,2017-08-07,09:09:22,261,47,28.9501,-25.7123
521,z20170807_091123_0065a.JPG,-25.7127,28.9506,2017-08-07,09:10:30,262,47,28.9506,-25.7123
522,z20170807_091142_0068a.JPG,-25.7127,28.9507,2017-08-07,09:10:48,263,47,28.9507,-25.7122
523,z20170807_094828_0086a.JPG,-25.7047,28.9867,2017-08-07,09:47:34,264,100,28.986,-25.7054
524,z20170807_094830_0087a.JPG,-25.7047,28.9867,2017-08-07,09:47:37,265,100,28.986,-25.7054
525,z20170807_101912_0089a.JPG,-25.7152,28.9837,2017-08-07,10:18:19,266,34,28.9838,-25.7154
526,z20170807_102003_0090a.JPG,-25.7152,28.9838,2017-08-07,10:19:10,267,34,28.9838,-25.7154
527,z20170807_102013_0091a.JPG,-25.7152,28.9838,2017-08-07,10:19:20,267,34,28.9838,-25.7154
528,z20170807_102013_0091b.JPG,-25.7152,28.9838,2017-08-07,10:19:20,268,34,28.9838,-25.7154
529,z20170807_102436_0092a.JPG,-25.7143,28.9876,2017-08-07,10:23:43,269,57,28.9873,-25.7148
530,z20170807_105042_0112a.JPG,-25.72,29.0015,2017-08-07,10:49:48,270,180,29.0004,-25.7187
531,z20170807_105803_0126a.JPG,-25.716,29.0069,2017-08-07,10:57:10,271,63,29.0065,-25.7156
532,z20170807_105816_0127a.JPG,-25.716,29.0069,2017-08-07,10:57:23,272,63,29.0065,-25.7156
533,z20170807_105817_0128a.JPG,-25.716,29.0069,2017-08-07,10:57:24,273,63,29.0065,-25.7156
534,z20170807_105822_0129a.JPG,-25.716,29.0069,2017-08-07,10:57:29,274,63,29.0065,-25.7156
535,z20170807_105826_0130a.JPG,-25.716,29.0069,2017-08-07,10:57:32,271,63,29.0065,-25.7156
536,z20170807_110022_0134a.JPG,-25.7155,29.0075,2017-08-07,10:59:28,274,63,29.0079,-25.7159
537,z20170807_110040_0135a.JPG,-25.7155,29.0075,2017-08-07,10:59:46,271,63,29.0079,-25.7159
538,z20170807_113948_0163a.JPG,-25.6881,29.0564,2017-08-07,11:38:54,235,68,29.057,-25.688
539,z20170807_113954_0166a.JPG,-25.6881,29.0564,2017-08-07,11:39:00,144,68,29.057,-25.688
540,z20170807_113957_0167a.JPG,-25.6881,29.0564,2017-08-07,11:39:04,236,68,29.057,-25.688
541,z20170807_114004_0168a.JPG,-25.6881,29.0563,2017-08-07,11:39:10,145,68,29.057,-25.688
542,z20170807_114027_0169b.JPG,-25.6881,29.0564,2017-08-07,11:39:34,236,68,29.057,-25.688
543,z20170807_114027_0169c.JPG,-25.6881,29.0564,2017-08-07,11:39:34,143,68,29.057,-25.688
544,z20170807_114027_0169d.JPG,-25.6881,29.0564,2017-08-07,11:39:34,144,68,29.057,-25.688
545,z20170807_114857_0179a.JPG,-25.6801,29.0485,2017-08-07,11:48:04,241,68,29.0481,-25.6807
546,z20170807_115003_0182a.JPG,-25.6799,29.0481,2017-08-07,11:49:10,242,68,29.0478,-25.6805
547,z20170807_115608_0190a.JPG,-25.6793,29.0456,2017-08-07,11:55:15,23,0,29.0456,-25.6793
548,z20170807_115809_0194a.JPG,-25.6793,29.0456,2017-08-07,11:57:15,275,0,29.0456,-25.6793
549,z20170807_115944_0197a.JPG,-25.6792,29.0439,2017-08-07,11:58:50,276,0,29.0439,-25.6792
550,z20170807_115958_0198a.JPG,-25.6791,29.0439,2017-08-07,11:59:04,157,0,29.0439,-25.6791
551,z20170807_120000_0200a.JPG,-25.6791,29.0439,2017-08-07,11:59:06,157,0,29.0439,-25.6791
552,z20170807_124528_0209a.JPG,-25.6734,29.0303,2017-08-07,12:44:35,277,122,29.0298,-25.6744
553,z20170807_125213_0221a.JPG,-25.6721,29.0279,2017-08-07,12:51:20,278,159,29.0273,-25.6734
554,z20170807_125502_0225a.JPG,-25.671,29.0257,2017-08-07,12:54:08,279,88,29.0253,-25.6717
555,z20170807_125621_0227a.JPG,-25.6707,29.0252,2017-08-07,12:55:28,280,63,29.0248,-25.6711
556,z20170807_125654_0229a.JPG,-25.6707,29.0252,2017-08-07,12:56:00,281,63,29.0248,-25.6711
557,z20170807_125654_0229b.JPG,-25.6707,29.0252,2017-08-07,12:56:00,282,63,29.0248,-25.6711
558,z20170807_130130_0230a.JPG,-25.668,29.0212,2017-08-07,13:00:37,283,162,29.0203,-25.6692
559,z20170807_130450_0231a.JPG,-25.6673,29.0204,2017-08-07,13:03:56,201,162,29.0193,-25.6684
560,z20170807_130602_0233a.JPG,-25.6671,29.0202,2017-08-07,13:05:08,97,0,29.0202,-25.6671
561,z20170807_130604_0234a.JPG,-25.6671,29.0202,2017-08-07,13:05:11,94,0,29.0202,-25.6671
562,z20170807_130650_0235a.JPG,-25.6671,29.0202,2017-08-07,13:05:56,97,0,29.0202,-25.6671
563,z20170807_131044_0241a.JPG,-25.6669,29.0199,2017-08-07,13:09:51,97,0,29.0199,-25.6669
564,z20170807_131159_0244a.JPG,-25.6666,29.0197,2017-08-07,13:11:06,284,86,29.0192,-25.6673
565,z20170807_131257_0245a.JPG,-25.6665,29.0195,2017-08-07,13:12:03,285,86,29.0189,-25.6671
566,z20170807_131452_0247a.JPG,-25.666,29.0189,2017-08-07,13:13:58,164,106,29.0182,-25.6667
567,z20170807_132954_0284a.JPG,-25.6595,29.0115,2017-08-07,13:29:00,90,0,29.0115,-25.6595
568,z20170807_133155_0288a.JPG,-25.66,29.01,2017-08-07,13:31:02,90,0,29.01,-25.66
569,z20170807_140615_0307a.JPG,-25.7021,28.994,2017-08-07,14:05:22,286,194,28.9924,-25.7032
570,z20170807_140615_0307b.JPG,-25.7021,28.994,2017-08-07,14:05:22,287,194,28.9924,-25.7032
571,z20170807_140615_0307c.JPG,-25.7021,28.994,2017-08-07,14:05:22,288,194,28.9924,-25.7032
572,z20170807_141713_0314a.JPG,-25.7075,28.9999,2017-08-07,14:16:19,289,92,28.9996,-25.7067
573,z20170807_141725_0315a.JPG,-25.7075,28.9999,2017-08-07,14:16:31,290,92,28.9996,-25.7067
574,z20170807_143152_0328a.JPG,-25.7133,28.9876,2017-08-07,14:30:58,291,97,28.9881,-25.714
575,z20170807_143154_0329a.JPG,-25.7133,28.9876,2017-08-07,14:31:00,115,97,28.9881,-25.714
576,z20170808_082221_0342a.JPG,-25.6781,28.967,2017-08-08,08:21:27,293,181,28.9687,-25.6787
577,z20170808_082221_0342b.JPG,-25.6781,28.967,2017-08-08,08:21:27,294,181,28.9687,-25.6787
578,z20170808_082225_0343a.JPG,-25.6781,28.967,2017-08-08,08:21:31,295,181,28.9687,-25.6787
579,z20170808_082225_0343b.JPG,-25.6781,28.967,2017-08-08,08:21:31,296,181,28.9687,-25.6787
580,z20170808_082306_0344a.JPG,-25.6787,28.9665,2017-08-08,08:22:12,297,181,28.9681,-25.6795
581,z20170808_082306_0344b.JPG,-25.6787,28.9665,2017-08-08,08:22:12,293,181,28.9681,-25.6795
582,z20170808_082306_0344c.JPG,-25.6787,28.9665,2017-08-08,08:22:12,294,181,28.9681,-25.6795
583,z20170808_082312_0345a.JPG,-25.6787,28.9665,2017-08-08,08:22:18,295,181,28.9681,-25.6795
584,z20170808_090046_0368a.JPG,-25.6993,28.9366,2017-08-08,08:59:52,34,68,28.9366,-25.6986
585,z20170808_090047_0369a.JPG,-25.6993,28.9366,2017-08-08,08:59:54,33,68,28.9366,-25.6986
586,z20170808_090058_0371a.JPG,-25.6993,28.9366,2017-08-08,09:00:04,35,68,28.9366,-25.6986
587,z20170808_090133_0372a.JPG,-25.6992,28.9357,2017-08-08,09:00:40,35,68,28.9356,-25.6986
588,z20170808_090143_0373a.JPG,-25.6993,28.9357,2017-08-08,09:00:50,33,68,28.9356,-25.6986
589,z20170808_090143_0373b.JPG,-25.6993,28.9357,2017-08-08,09:00:50,34,68,28.9356,-25.6986
590,z20170808_095603_0401a.JPG,-25.6994,28.9812,2017-08-08,09:55:09,298,132,28.9812,-25.7006
591,z20170808_103713_0411a.JPG,-25.7148,28.9905,2017-08-08,10:36:19,268,64,28.9903,-25.7143
592,z20170808_103838_0414a.JPG,-25.7147,28.9908,2017-08-08,10:37:44,266,64,28.9906,-25.7142
593,z20170808_103844_0416a.JPG,-25.7147,28.9908,2017-08-08,10:37:50,268,64,28.9906,-25.7142
594,z20170808_103913_0417a.JPG,-25.7146,28.9912,2017-08-08,10:38:19,299,64,28.9908,-25.714
595,z20170808_103913_0417b.JPG,-25.7146,28.9912,2017-08-08,10:38:19,300,64,28.9908,-25.714
596,z20170808_103917_0418a.JPG,-25.7146,28.9912,2017-08-08,10:38:23,267,64,28.9908,-25.714
597,z20170808_113557_0455a.JPG,-25.6883,29.0563,2017-08-08,11:35:03,143,56,29.0569,-25.6883
598,z20170808_113600_0457a.JPG,-25.6883,29.0563,2017-08-08,11:35:06,145,56,29.0569,-25.6883
599,z20170808_113602_0458a.JPG,-25.6883,29.0563,2017-08-08,11:35:08,236,56,29.0569,-25.6883
600,z20170808_113604_0460a.JPG,-25.6883,29.0563,2017-08-08,11:35:10,144,56,29.0569,-25.6883
601,z20170808_113611_0462a.JPG,-25.6883,29.0563,2017-08-08,11:35:17,145,56,29.0569,-25.6883
602,z20170808_113611_0462b.JPG,-25.6883,29.0563,2017-08-08,11:35:17,301,56,29.0569,-25.6883
603,z20170808_113615_0463a.JPG,-25.6883,29.0563,2017-08-08,11:35:21,235,56,29.0569,-25.6883
604,z20170808_115409_0498a.JPG,-25.6791,29.0449,2017-08-08,11:53:15,68,106,29.0446,-25.68
605,z20170808_115555_0501a.JPG,-25.6796,29.0436,2017-08-08,11:55:02,70,106,29.0444,-25.6801
606,z20170808_115602_0502a.JPG,-25.6796,29.0436,2017-08-08,10:55:08,194,106,29.0444,-25.6801
607,z20170808_123546_0503a.JPG,-25.6757,29.0341,2017-08-08,12:34:51,241,68,29.0338,-25.6763
608,z20170808_123649_0506a.JPG,-25.6754,29.0337,2017-08-08,12:35:55,241,68,29.0333,-25.676
609,z20170808_123657_0507a.JPG,-25.6754,29.0337,2017-08-08,12:36:03,242,68,29.0333,-25.676
610,z20170808_125423_0551a.JPG,-25.6699,29.0243,2017-08-08,12:53:29,163,168,29.0235,-25.6712
611,z20170808_125441_0553a.JPG,-25.6699,29.0243,2017-08-08,12:53:46,162,168,29.0235,-25.6712
612,z20170808_125752_0557a.JPG,-25.6692,29.0231,2017-08-08,12:56:58,302,125,29.0226,-25.6702
613,z20170808_125752_0557b.JPG,-25.6692,29.0231,2017-08-08,12:56:58,303,125,29.0226,-25.6702
614,z20170808_125829_0558a.JPG,-25.6692,29.023,2017-08-08,12:57:36,166,125,29.0226,-25.6702
615,z20170808_125926_0560a.JPG,-25.669,29.0228,2017-08-08,12:58:32,302,125,29.022,-25.6699
616,z20170808_130254_0563a.JPG,-25.6678,29.0209,2017-08-08,13:02:00,97,68,29.0205,-25.6682
617,z20170808_130646_0568a.JPG,-25.6671,29.0202,2017-08-08,13:05:52,93,84,29.0196,-25.6677
618,z20170808_130804_0569a.JPG,-25.6668,29.0198,2017-08-08,13:07:10,304,99,29.0192,-25.6674
619,z20170808_130816_0570a.JPG,-25.6668,29.0198,2017-08-08,13:07:22,305,99,29.0192,-25.6674
620,z20170808_130848_0571a.JPG,-25.6667,29.0197,2017-08-08,13:07:54,306,99,29.0192,-25.6674
621,z20170808_130929_0572a.JPG,-25.6667,29.0197,2017-08-08,13:08:35,304,99,29.0192,-25.6674
622,z20170808_131334_0577a.JPG,-25.6655,29.0183,2017-08-08,13:12:40,307,57,29.0179,-25.6659
623,z20170808_132626_0587a.JPG,-25.6599,29.0102,2017-08-08,13:25:33,89,116,29.0106,-25.6609
624,z20170808_132707_0588a.JPG,-25.66,29.01,2017-08-08,13:26:13,308,116,29.0106,-25.6609
625,z20170808_132707_0588b.JPG,-25.66,29.01,2017-08-08,13:26:13,309,116,29.0106,-25.6609
626,z20170808_132710_0590a.JPG,-25.6599,29.01,2017-08-08,13:26:16,310,116,29.0106,-25.6609
627,z20170808_132725_0593a.JPG,-25.6599,29.01,2017-08-08,13:26:31,308,116,29.0106,-25.6609
628,z20170808_132725_0593b.JPG,-25.6599,29.01,2017-08-08,13:26:31,309,116,29.0106,-25.6609
629,z20170808_132822_0595a.JPG,-25.6603,29.0088,2017-08-08,13:27:27,309,37,29.0088,-25.6607
630,z20170808_132911_0601a.JPG,-25.6604,29.0085,2017-08-08,13:28:17,308,37,29.0088,-25.6607
631,z20170808_132918_0602a.JPG,-25.6604,29.0085,2017-08-08,13:28:24,310,37,29.0088,-25.6607
632,z20170808_132920_0603a.JPG,-25.6604,29.0085,2017-08-08,13:28:25,311,37,29.0088,-25.6607
633,z20170808_132925_0604a.JPG,-25.6604,29.0085,2017-08-08,13:28:31,312,37,29.0088,-25.6607
634,z20170808_132931_0605a.JPG,-25.6604,29.0085,2017-08-08,13:28:37,309,37,29.0088,-25.6607
635,z20170808_132935_0606a.JPG,-25.6604,29.0085,2017-08-08,13:28:41,308,37,29.0088,-25.6607
636,z20170808_133106_0608a.JPG,-25.6609,29.0082,2017-08-08,13:30:12,313,49,29.0087,-25.6609
637,z20170808_133203_0611a.JPG,-25.6612,29.0083,2017-08-08,13:31:09,76,49,29.0087,-25.6609
638,z20170808_133256_0614a.JPG,-25.6612,29.0083,2017-08-08,13:32:02,314,49,29.0087,-25.6609
639,z20170808_133914_0630a.JPG,-25.6663,29.0062,2017-08-08,13:38:20,208,129,29.0075,-25.6666
640,z20170808_140543_0634a.JPG,-25.7043,29.0014,2017-08-08,14:04:49,315,28,29.0014,-25.7045
641,z20170808_140703_0636a.JPG,-25.7043,29.0017,2017-08-08,14:06:09,316,74,29.0017,-25.705
642,z20170808_140714_0639a.JPG,-25.7043,29.0017,2017-08-08,14:06:20,317,74,29.0017,-25.705
643,z20170808_140745_0640a.JPG,-25.7044,29.0022,2017-08-08,14:06:51,318,74,29.0022,-25.705
644,z20170808_140757_0641a.JPG,-25.7043,29.0021,2017-08-08,14:07:03,319,74,29.0022,-25.705
645,z20170808_140757_0641b.JPG,-25.7043,29.0021,2017-08-08,14:07:03,320,74,29.0022,-25.705
646,z20170808_140805_0643a.JPG,-25.7044,29.0021,2017-08-08,14:07:11,321,74,29.0022,-25.705
647,z20170808_141115_0645a.JPG,-25.7057,29.0032,2017-08-08,14:10:21,270,74,29.0036,-25.7063
648,z20170808_141137_0647a.JPG,-25.7057,29.0032,2017-08-08,14:10:43,319,74,29.0036,-25.7063
649,z20170808_141137_0647b.JPG,-25.7057,29.0032,2017-08-08,14:10:43,321,74,29.0036,-25.7063
650,z20170808_142018_0655a.JPG,-25.7117,28.9905,2017-08-08,14:19:24,322,45,28.9907,-25.7121
651,z20170808_142105_0662a.JPG,-25.7117,28.9905,2017-08-08,14:20:11,323,45,28.9907,-25.7121
652,z20170808_142210_0664a.JPG,-25.7119,28.9901,2017-08-08,14:21:16,324,45,28.9904,-25.7123
653,z20170808_142217_0665a.JPG,-25.7119,28.9901,2017-08-08,14:21:23,300,45,28.9904,-25.7123
654,z20170808_142301_0668a.JPG,-25.7122,28.9897,2017-08-08,14:22:07,267,45,28.9899,-25.7126
655,z20170808_142306_0669a.JPG,-25.7122,28.9897,2017-08-08,14:22:12,325,45,28.9899,-25.7126
656,z20170808_142306_0669b.JPG,-25.7122,28.9897,2017-08-08,14:22:12,322,45,28.9899,-25.7126
657,z20170808_142344_0672a.JPG,-25.7122,28.9897,2017-08-08,14:22:49,13,45,28.9899,-25.7126
658,z20170808_142545_0675a.JPG,-25.7125,28.9889,2017-08-08,14:24:51,258,56,28.9887,-25.7121
659,z20170809_072200_0001a.JPG,-25.702,28.9466,2017-08-09,07:21:06,110,49,28.947,-25.7018
660,z20170809_072206_0002a.JPG,-25.702,28.9466,2017-08-09,07:21:11,292,49,28.947,-25.7018
661,z20170809_072219_0004a.JPG,-25.7019,28.9466,2017-08-09,07:21:24,108,49,28.947,-25.7018
662,z20170809_072248_0007a.JPG,-25.702,28.9465,2017-08-09,07:21:54,111,49,28.947,-25.7018
663,z20170809_072841_0008a.JPG,-25.6975,28.9512,2017-08-09,07:27:46,326,87,28.9515,-25.6982
664,z20170809_072844_0009a.JPG,-25.6974,28.9512,2017-08-09,07:27:49,327,87,28.9515,-25.6982
665,z20170809_072859_0011a.JPG,-25.6975,28.9512,2017-08-09,07:28:05,328,87,28.9515,-25.6982
666,z20170809_072903_0012a.JPG,-25.6975,28.9512,2017-08-09,07:28:08,329,87,28.9515,-25.6982
667,z20170809_072911_0013a.JPG,-25.6975,28.9512,2017-08-09,07:28:17,330,87,28.9515,-25.6982
668,z20170809_075900_0036a.JPG,-25.6725,28.9583,2017-08-09,07:58:05,331,69,28.9581,-25.6731
669,z20170809_085742_0073a.JPG,-25.7136,28.9628,2017-08-09,08:56:48,332,138,28.9623,-25.7124
670,z20170809_085747_0074a.JPG,-25.7136,28.9628,2017-08-09,08:56:53,333,138,28.9623,-25.7124
671,z20170809_085750_0075a.JPG,-25.7136,28.9628,2017-08-09,08:56:56,334,138,28.9623,-25.7124
672,z20170809_093451_0091a.JPG,-25.7141,28.9861,2017-08-09,09:33:57,247,23,28.9862,-25.7143
673,z20170809_093500_0092a.JPG,-25.7141,28.9861,2017-08-09,09:34:05,141,23,28.9862,-25.7143
674,z20170809_093536_0095a.JPG,-25.7139,28.9865,2017-08-09,09:34:41,142,23,28.9866,-25.7141
675,z20170809_093559_0098a.JPG,-25.7139,28.9864,2017-08-09,09:35:04,141,23,28.9866,-25.7141
676,z20170809_093625_0099a.JPG,-25.7139,28.9865,2017-08-09,09:35:30,255,23,28.9866,-25.7141
677,z20170809_093629_0101a.JPG,-25.7139,28.9865,2017-08-09,09:35:35,254,23,28.9866,-25.7141
678,z20170809_093951_0105a.JPG,-25.715,28.9898,2017-08-09,09:38:56,336,17,28.9899,-25.7151
679,z20170809_093953_0106a.JPG,-25.715,28.9898,2017-08-09,09:38:58,267,17,28.9899,-25.7151
680,z20170809_094615_0108a.JPG,-25.7189,28.9952,2017-08-09,09:45:20,337,37,28.9955,-25.7188
681,z20170809_095739_0112a.JPG,-25.7165,29.0063,2017-08-09,09:56:44,338,40,29.0065,-25.7168
682,z20170809_095749_0113a.JPG,-25.7165,29.0063,2017-08-09,09:56:55,339,40,29.0065,-25.7168
683,z20170809_095905_0118a.JPG,-25.716,29.0069,2017-08-09,09:58:10,272,40,29.0072,-25.7163
684,z20170809_095907_0119a.JPG,-25.716,29.0069,2017-08-09,09:58:13,273,40,29.0072,-25.7163
685,z20170809_095924_0121a.JPG,-25.716,29.0069,2017-08-09,09:58:29,340,40,29.0072,-25.7163
686,z20170809_100753_0124a.JPG,-25.7075,29.0159,2017-08-09,10:06:59,341,73,29.0155,-25.7069
687,z20170809_100759_0127a.JPG,-25.7075,29.016,2017-08-09,10:07:05,342,73,29.0155,-25.7069
688,z20170809_100803_0128a.JPG,-25.7075,29.016,2017-08-09,10:07:09,343,73,29.0155,-25.7069
689,z20170809_100856_0131a.JPG,-25.7075,29.0159,2017-08-09,10:08:01,342,73,29.0155,-25.7069
690,z20170809_101008_0134a.JPG,-25.7071,29.017,2017-08-09,10:09:13,344,73,29.0167,-25.7064
691,z20170809_105624_0154a.JPG,-25.6919,29.0577,2017-08-09,10:55:30,235,135,29.0577,-25.6907
692,z20170809_105627_0155a.JPG,-25.6919,29.0577,2017-08-09,10:55:32,143,135,29.0577,-25.6907
693,z20170809_105627_0155b.JPG,-25.6919,29.0577,2017-08-09,10:55:32,145,135,29.0577,-25.6907
694,z20170809_105716_0158a.JPG,-25.6919,29.0583,2017-08-09,10:56:21,235,135,29.0583,-25.6907
695,z20170809_110914_0166a.JPG,-25.6831,29.0537,2017-08-09,11:08:19,345,132,29.0546,-25.6822
696,z20170809_111536_0170a.JPG,-25.6794,29.0458,2017-08-09,11:14:42,346,108,29.0461,-25.6785
697,z20170809_111827_0171a.JPG,-25.6791,29.0447,2017-08-09,11:17:33,71,108,29.045,-25.6782
698,z20170809_111845_0173a.JPG,-25.6791,29.0447,2017-08-09,11:17:50,346,108,29.045,-25.6782
699,z20170809_111858_0175a.JPG,-25.6791,29.0447,2017-08-09,11:18:03,194,108,29.045,-25.6782
700,z20170809_111858_0175b.JPG,-25.6791,29.0447,2017-08-09,11:18:03,346,108,29.045,-25.6782
701,z20170809_111906_0180a.JPG,-25.6791,29.0447,2017-08-09,11:18:11,68,108,29.045,-25.6782
702,z20170809_111911_0182a.JPG,-25.6791,29.0447,2017-08-09,11:18:16,70,108,29.045,-25.6782
703,z20170809_111918_0185a.JPG,-25.679,29.0447,2017-08-09,11:18:24,347,108,29.045,-25.6782
704,z20170809_111920_0187a.JPG,-25.679,29.0447,2017-08-09,11:18:26,348,108,29.045,-25.6782
705,z20170809_111920_0187b.JPG,-25.679,29.0447,2017-08-09,11:18:26,349,108,29.045,-25.6782
706,z20170809_111931_0190a.JPG,-25.679,29.0447,2017-08-09,11:18:36,350,108,29.045,-25.6782
707,z20170809_111931_0190b.JPG,-25.679,29.0447,2017-08-09,11:18:36,347,108,29.045,-25.6782
708,z20170809_111933_0191a.JPG,-25.679,29.0447,2017-08-09,11:18:39,346,108,29.045,-25.6782
709,z20170809_111935_0192a.JPG,-25.679,29.0447,2017-08-09,11:18:40,68,108,29.045,-25.6782
710,z20170809_111945_0194a.JPG,-25.679,29.0447,2017-08-09,11:18:50,348,108,29.045,-25.6782
711,z20170809_111945_0194b.JPG,-25.679,29.0447,2017-08-09,11:18:50,70,108,29.045,-25.6782
712,z20170809_114253_0207a.JPG,-25.6747,29.0324,2017-08-09,11:41:59,123,65,29.0322,-25.6753
713,z20170809_114324_0208a.JPG,-25.6747,29.0325,2017-08-09,11:42:29,125,65,29.0322,-25.6753
714,z20170809_114521_0209a.JPG,-25.6743,29.032,2017-08-09,11:44:27,167,62,29.0323,-25.6739
715,z20170809_114615_0211a.JPG,-25.6739,29.0312,2017-08-09,11:45:21,193,0,29.0312,-25.6739
716,z20170809_114656_0213a.JPG,-25.6739,29.0312,2017-08-09,11:46:01,351,0,29.0312,-25.6739
717,z20170809_115004_0215a.JPG,-25.6734,29.0304,2017-08-09,11:49:10,279,70,29.03,-25.674
718,z20170809_115054_0218a.JPG,-25.6734,29.0304,2017-08-09,11:50:00,193,70,29.03,-25.674
719,z20170809_115111_0219a.JPG,-25.6734,29.0304,2017-08-09,11:50:17,352,70,29.03,-25.674
720,z20170809_115302_0221a.JPG,-25.6728,29.0292,2017-08-09,11:52:07,277,164,29.0285,-25.6741
721,z20170809_115542_0224a.JPG,-25.6721,29.0278,2017-08-09,11:54:48,353,172,29.0271,-25.6734
722,z20170809_115542_0224b.JPG,-25.6721,29.0278,2017-08-09,11:54:48,354,172,29.0271,-25.6734
723,z20170809_115736_0225a.JPG,-25.6718,29.0273,2017-08-09,11:56:41,355,0,29.0273,-25.6718
724,z20170809_120047_0228a.JPG,-25.6704,29.0249,2017-08-09,11:59:52,157,171,29.0238,-25.6715
725,z20170809_120159_0229a.JPG,-25.6703,29.0249,2017-08-09,12:01:04,158,171,29.0238,-25.6715
726,z20170809_121139_0247a.JPG,-25.6655,29.0183,2017-08-09,12:10:44,356,0,29.0183,-25.6655
727,z20170809_121241_0248a.JPG,-25.6652,29.018,2017-08-09,12:11:46,169,0,29.018,-25.6652
728,z20170809_121256_0251a.JPG,-25.6652,29.018,2017-08-09,12:12:02,357,0,29.018,-25.6652
729,z20170809_121408_0254a.JPG,-25.6648,29.0175,2017-08-09,12:13:13,86,64,29.0171,-25.6652
730,z20170809_121455_0257a.JPG,-25.6646,29.0172,2017-08-09,12:14:00,78,64,29.0168,-25.665
731,z20170809_121511_0260a.JPG,-25.6646,29.0172,2017-08-09,12:14:16,81,64,29.0168,-25.665
732,z20170809_121511_0260b.JPG,-25.6646,29.0172,2017-08-09,12:14:16,80,64,29.0168,-25.665
733,z20170809_121511_0260c.JPG,-25.6646,29.0172,2017-08-09,12:14:16,87,64,29.0168,-25.665
734,z20170809_122217_0263a.JPG,-25.6596,29.011,2017-08-09,12:21:23,130,106,29.0107,-25.6587
735,z20170809_122227_0264a.JPG,-25.6596,29.011,2017-08-09,12:21:33,204,106,29.0107,-25.6587
736,z20170809_122237_0266a.JPG,-25.6596,29.011,2017-08-09,12:21:43,358,106,29.0107,-25.6587
737,z20170809_122348_0269a.JPG,-25.6598,29.0103,2017-08-09,12:22:54,359,106,29.0099,-25.6589
738,z20170809_122406_0273a.JPG,-25.6598,29.0103,2017-08-09,12:23:12,358,106,29.0099,-25.6589
739,z20170809_130542_0278a.JPG,-25.6765,29.0102,2017-08-09,13:04:48,212,132,29.0114,-25.676
740,z20170809_130823_0281a.JPG,-25.677,29.0104,2017-08-09,13:07:28,360,144,29.0117,-25.6764
741,z20170809_132320_0312a.JPG,-25.6977,28.9923,2017-08-09,13:22:26,220,44,28.9927,-25.6978
742,z20170809_132333_0313a.JPG,-25.6977,28.9923,2017-08-09,13:22:39,222,44,28.9927,-25.6978
743,z20170809_132420_0314a.JPG,-25.6985,28.9921,2017-08-09,13:23:26,226,44,28.9925,-25.6986
744,z20170809_132522_0317a.JPG,-25.6985,28.9921,2017-08-09,13:24:27,222,44,28.9925,-25.6986
745,z20170809_135648_0358a.JPG,-25.7127,28.9887,2017-08-09,13:55:54,256,0,28.9887,-25.7127
746,z20170809_135700_0362a.JPG,-25.7127,28.9887,2017-08-09,13:56:05,255,0,28.9887,-25.7127
747,z20170809_135716_0364a.JPG,-25.7127,28.9887,2017-08-09,13:56:21,247,0,28.9887,-25.7127
748,z20170809_135744_0367a.JPG,-25.7127,28.9887,2017-08-09,13:56:49,141,0,28.9887,-25.7127
749,z20170809_135837_0368a.JPG,-25.7129,28.9882,2017-08-09,13:57:43,361,0,28.9882,-25.7129
750,z20170809_135839_0369a.JPG,-25.713,28.9882,2017-08-09,13:57:44,362,0,28.9882,-25.713
751,z20170809_135859_0370a.JPG,-25.713,28.9882,2017-08-09,11:58:05,363,0,28.9882,-25.713
752,z20170810_084127_0448a.JPG,-25.6897,28.9452,2017-08-10,08:40:32,111,141,28.9465,-25.6903
753,z20170810_084201_0452a.JPG,-25.6897,28.9452,2017-08-10,08:41:06,364,141,28.9465,-25.6903
754,z20170810_090626_0491a.JPG,-25.7113,28.9407,2017-08-10,09:05:31,29,46,28.9408,-25.7109
755,z20170810_090719_0492a.JPG,-25.7114,28.9416,2017-08-10,09:06:24,32,46,28.9416,-25.711
756,z20170810_090728_0493a.JPG,-25.7114,28.9416,2017-08-10,09:06:33,30,46,28.9416,-25.711
757,z20170810_090728_0493b.JPG,-25.7114,28.9416,2017-08-10,09:06:33,29,46,28.9416,-25.711
758,z20170810_090729_0494a.JPG,-25.7114,28.9416,2017-08-10,09:06:35,32,46,28.9416,-25.711
759,z20170810_090949_0495a.JPG,-25.7114,28.9428,2017-08-10,09:08:54,105,76,28.9429,-25.7121
760,z20170810_090957_0497a.JPG,-25.7113,28.9428,2017-08-10,09:09:02,104,76,28.9429,-25.7121
761,z20170810_091006_0499a.JPG,-25.7114,28.9429,2017-08-10,09:09:12,105,76,28.9429,-25.7121
762,z20170810_091010_0500a.JPG,-25.7114,28.9429,2017-08-10,09:09:15,103,76,28.9429,-25.7121
763,z20170810_091020_0502a.JPG,-25.7114,28.9429,2017-08-10,09:09:25,105,76,28.9429,-25.7121
764,z20170810_091657_0509a.JPG,-25.7103,28.9542,2017-08-10,09:16:02,365,37,28.9539,-25.71
765,z20170810_091826_0510a.JPG,-25.7097,28.9549,2017-08-10,09:17:31,366,92,28.9544,-25.709
766,z20170810_092522_0513a.JPG,-25.7131,28.9611,2017-08-10,09:24:27,367,116,28.9621,-25.7125
767,z20170810_094458_0514a.JPG,-25.7077,28.9863,2017-08-10,09:44:03,368,50,28.9864,-25.7081
768,z20170810_103656_0517a.JPG,-25.7149,28.9905,2017-08-10,10:36:01,362,130,28.991,-25.716
769,z20170810_104902_0525a.JPG,-25.7197,28.9954,2017-08-10,10:48:08,19,144,28.9967,-25.7193
770,z20170810_110939_0527a.JPG,-25.7062,29.0131,2017-08-10,11:08:44,369,23,29.0134,-25.7062
771,z20170810_110940_0528a.JPG,-25.7062,29.0131,2017-08-10,11:08:45,370,23,29.0134,-25.7062
772,z20170810_110948_0530a.JPG,-25.7062,29.0132,2017-08-10,11:08:52,371,23,29.0134,-25.7062
773,z20170810_110959_0531a.JPG,-25.7062,29.0132,2017-08-10,11:09:04,372,23,29.0134,-25.7062
774,z20170810_111002_0533a.JPG,-25.7062,29.0132,2017-08-10,11:09:07,373,23,29.0134,-25.7062
775,z20170810_111010_0534a.JPG,-25.7062,29.0131,2017-08-10,11:09:15,371,23,29.0134,-25.7062
776,z20170810_111012_0535a.JPG,-25.7062,29.0131,2017-08-10,11:09:17,374,23,29.0134,-25.7062
777,z20170810_111024_0536a.JPG,-25.7062,29.0131,2017-08-10,11:09:29,369,23,29.0134,-25.7062
778,z20170810_111024_0536b.JPG,-25.7062,29.0131,2017-08-10,11:09:29,375,23,29.0134,-25.7062
779,z20170810_111208_0539a.JPG,-25.7054,29.0129,2017-08-10,11:11:13,376,23,29.0131,-25.7053
780,z20170810_111216_0540a.JPG,-25.7054,29.0129,2017-08-10,11:11:21,377,23,29.0131,-25.7053
781,z20170810_111823_0549a.JPG,-25.7066,29.0133,2017-08-10,11:17:28,378,36,29.0129,-25.7067
782,z20170810_111900_0550a.JPG,-25.7066,29.0133,2017-08-10,11:18:05,378,36,29.0129,-25.7067
783,z20170810_111908_0551a.JPG,-25.7066,29.0133,2017-08-10,11:18:13,373,36,29.0129,-25.7067
784,z20170810_122211_0585a.JPG,-25.6919,29.0582,2017-08-10,12:21:17,145,111,29.0582,-25.6909
785,z20170810_122444_0590a.JPG,-25.6919,29.0601,2017-08-10,12:23:49,187,66,29.0601,-25.6913
786,z20170810_124418_0622a.JPG,-25.6798,29.0478,2017-08-10,12:43:23,379,0,29.0478,-25.6798
787,z20170810_124720_0625a.JPG,-25.6796,29.0467,2017-08-10,12:46:25,167,0,29.0467,-25.6796
788,z20170810_124730_0627a.JPG,-25.6796,29.0467,2017-08-10,12:46:35,123,0,29.0467,-25.6796
789,z20170810_134137_0646a.JPG,-25.6681,29.0212,2017-08-10,13:40:42,380,173,29.0205,-25.6694
790,z20170810_134346_0649a.JPG,-25.6675,29.0207,2017-08-10,13:42:51,381,71,29.0211,-25.667
791,z20170810_134604_0650a.JPG,-25.6671,29.0202,2017-08-10,13:45:09,382,35,29.0204,-25.6669
792,z20170810_134704_0652a.JPG,-25.6671,29.0202,2017-08-10,13:46:09,383,76,29.0207,-25.6667
793,z20170810_134938_0653a.JPG,-25.6662,29.0191,2017-08-10,13:48:43,384,25,29.019,-25.6663
794,z20170810_134939_0654a.JPG,-25.6662,29.0191,2017-08-10,13:48:45,385,25,29.019,-25.6663
795,z20170810_135329_0658a.JPG,-25.6653,29.0182,2017-08-10,13:52:34,90,25,29.0183,-25.6652
796,z20170810_140110_0660a.JPG,-25.6594,29.0116,2017-08-10,14:00:16,82,0,29.0116,-25.6594
797,z20170810_140139_0661a.JPG,-25.6595,29.0113,2017-08-10,14:00:44,356,0,29.0113,-25.6595
798,z20170810_140217_0663a.JPG,-25.6596,29.0111,2017-08-10,14:01:22,169,0,29.0111,-25.6596
799,z20170810_140314_0664a.JPG,-25.6596,29.011,2017-08-10,14:02:19,79,0,29.011,-25.6596
800,z20170810_140332_0666a.JPG,-25.6596,29.011,2017-08-10,14:02:37,357,0,29.011,-25.6596
801,z20170810_140440_0670a.JPG,-25.6597,29.0104,2017-08-10,14:03:45,78,0,29.0104,-25.6597
802,z20170810_140443_0671a.JPG,-25.6597,29.0104,2017-08-10,14:03:48,81,0,29.0104,-25.6597
803,z20170810_140956_0675a.JPG,-25.6617,29.0085,2017-08-10,14:09:01,128,77,29.0092,-25.6614
804,z20170810_141122_0677a.JPG,-25.6617,29.0085,2017-08-10,14:10:27,130,77,29.0092,-25.6614
805,z20170810_142835_0684a.JPG,-25.6871,29.0088,2017-08-10,14:27:40,386,93,29.0093,-25.6878
806,z20170810_142839_0686a.JPG,-25.6871,29.0088,2017-08-10,14:27:44,387,93,29.0093,-25.6878
807,z20170810_142839_0686b.JPG,-25.6871,29.0088,2017-08-10,14:27:44,388,93,29.0093,-25.6878
808,z20170810_142851_0687a.JPG,-25.6871,29.0088,2017-08-10,14:27:56,389,93,29.0093,-25.6878
809,z20170810_142852_0688a.JPG,-25.6871,29.0088,2017-08-10,14:27:57,386,93,29.0093,-25.6878
810,z20170810_144356_0694a.JPG,-25.7042,28.9992,2017-08-10,14:43:01,390,37,28.9994,-25.7045
811,z20170810_144542_0697a.JPG,-25.7039,28.9997,2017-08-10,14:44:47,391,37,28.9997,-25.7043
812,z20170810_144546_0698a.JPG,-25.7039,28.9997,2017-08-10,14:44:50,392,37,28.9997,-25.7043
813,z20170810_144702_0700a.JPG,-25.7043,29.0011,2017-08-10,14:46:07,393,62,29.0011,-25.7049
814,z20170810_145244_0701a.JPG,-25.7058,29.0031,2017-08-10,14:51:49,394,106,29.0037,-25.7066
815,z20170810_145251_0704a.JPG,-25.7058,29.0031,2017-08-10,14:51:56,395,106,29.0037,-25.7066
816,z20170810_145831_0707a.JPG,-25.7087,28.9963,2017-08-10,12:57:36,217,0,28.9963,-25.7087
817,z20170810_150607_0712a.JPG,-25.7112,28.9915,2017-08-10,15:05:12,396,70,28.9918,-25.7118
818,z20170810_150609_0713a.JPG,-25.7112,28.9914,2017-08-10,15:05:14,52,70,28.9918,-25.7118
819,z20170810_150830_0714a.JPG,-25.7117,28.9905,2017-08-10,15:07:35,363,62,28.9902,-25.7112
820,z20170810_150835_0715a.JPG,-25.7117,28.9905,2017-08-10,15:07:40,361,62,28.9902,-25.7112
821,z20170810_150956_0717a.JPG,-25.7117,28.9905,2017-08-10,15:09:01,230,62,28.9902,-25.7112
822,z20170810_151017_0718a.JPG,-25.7117,28.9905,2017-08-10,15:09:22,362,62,28.9902,-25.7112
823,z20170810_151109_0720a.JPG,-25.7117,28.9905,2017-08-10,15:10:00,230,62,28.9902,-25.7112
